model_name,Normal_accuracy,Normal_f1_score,Normal_precision,Normal_recall,Normal_specificity,Normal_matthews,Normal_auc,SMOTE_accuracy,SMOTE_f1_score,SMOTE_precision,SMOTE_recall,SMOTE_specificity,SMOTE_matthews,SMOTE_auc,SG_accuracy,SG_f1_score,SG_precision,SG_recall,SG_specificity,SG_matthews,SG_auc,G_accuracy,G_f1_score,G_precision,G_recall,G_specificity,G_matthews,G_auc,Smote_hell,Gan_hell,SG_hell,Smote_time(ms),Gan_time,SG_time
random_forest_classifier,0.684622067767159,0.6848120652304948,0.6883652250216887,0.684622067767159,0.6883457445623554,0.3725175948469426,0.6864839061647573,0.6672458731537794,0.6671705203697019,0.6727874212038281,0.6672458731537794,0.6727735243124267,0.3401740853398494,0.670009698733103,0.6950477845351868,0.6952503884101846,0.6986311191247339,0.6950477845351868,0.6986359155314921,0.39315974088704075,0.6968418500333393,0.6924413553431799,0.6925453644503986,0.6969421635812089,0.6924413553431799,0.6969779330122787,0.38915517612621364,0.6947096441777292,0.0,0.0,0.0,8.821038879999978,14416.346736779982,12320.56600657319
random_forest_classifier,0.68375325803649,0.6839332703292932,0.6875915435866894,0.68375325803649,0.6875778930818952,0.3709075821020298,0.6856655755591927,0.687228496959166,0.6872450232312167,0.6923636650454555,0.687228496959166,0.6923708241295168,0.3795590596394817,0.6897996605443413,0.6785403996524761,0.6788288235487694,0.6811006606677633,0.6785403996524761,0.6808188777919078,0.3587140550105991,0.679679638722192,0.6811468288444831,0.6814367792137541,0.68362813562432,0.6811468288444831,0.6833376228740112,0.3638212373790021,0.6822422258592471,0.0,0.0,0.0,8.821038879999978,14416.346736779982,12320.56600657319
random_forest_classifier,0.6776715899218071,0.6779461553820335,0.6804815307628208,0.6776715899218071,0.6802662169521699,0.35732751178917066,0.6789689034369885,0.6776715899218071,0.6776715899218071,0.6828485046408407,0.6776715899218071,0.6828485046408407,0.3605200945626478,0.6802600472813238,0.6880973066898349,0.6882409320384375,0.6922580550200604,0.6880973066898349,0.692277913047087,0.3800240837060887,0.690187609868461,0.6759339704604691,0.67618355298882,0.6790894146339312,0.6759339704604691,0.6789457046319719,0.35433239355152185,0.6774398375462205,0.0,0.0,0.0,8.821038879999978,14416.346736779982,12320.56600657319
random_forest_classifier,0.682015638575152,0.6822677479559065,0.6850956752468551,0.682015638575152,0.6849662369173618,0.3663993245824652,0.6834909377462569,0.6907037358818419,0.6906519060318472,0.6963352602254548,0.6907037358818419,0.6963029926142483,0.38713699289902004,0.6935033642480452,0.6828844483058211,0.6831425817925363,0.6858774216865867,0.6828844483058211,0.6857340883978221,0.36801782189071414,0.6843092683518216,0.6759339704604691,0.6761292020137039,0.6796449352749124,0.6759339704604691,0.6795912765541395,0.3550960848284621,0.6777626235073043,0.0,0.0,0.0,8.821038879999978,14416.346736779982,12320.56600657319
random_forest_classifier,0.68375325803649,0.6839332703292932,0.6875915435866894,0.68375325803649,0.6875778930818952,0.3709075821020298,0.6856655755591927,0.6863596872284969,0.6865041127183175,0.6905122586805736,0.6863596872284969,0.6905270194454438,0.37653879099650306,0.6884433533369705,0.6750651607298002,0.675290368340188,0.6784907695878876,0.6750651607298002,0.6783930437922342,0.35296751060393844,0.6767291022610171,0.68375325803649,0.684037004788519,0.686319406832441,0.68375325803649,0.6860715585968373,0.3691608035321236,0.6849124083166637,0.0,0.0,0.0,8.821038879999978,14416.346736779982,12320.56600657319
random_forest_classifier,0.6941789748045178,0.6943909349084123,0.6976622963377124,0.6941789748045178,0.6976528734103091,0.39128788148163063,0.6959159241074134,0.6863596872284969,0.6865486378738529,0.690109282971044,0.6863596872284969,0.6900966381639986,0.37600189685063873,0.6882281626962478,0.6976542137271937,0.6979406367678446,0.6997474797595015,0.6976542137271937,0.6994331354878149,0.396334890270844,0.6985436746075044,0.684622067767159,0.6849007364583418,0.6872727757915933,0.684622067767159,0.6870546007180202,0.37101941479940437,0.6858383342425896,0.0,0.0,0.0,8.821038879999978,14416.346736779982,12320.56600657319
random_forest_classifier,0.6776715899218071,0.6779339666987151,0.6806541460267116,0.6776715899218071,0.6804814075928926,0.35756933774320265,0.6790764987573499,0.6898349261511729,0.6897267588429197,0.6958243017893523,0.6898349261511729,0.6957503317745105,0.38585550052911777,0.6927926289628418,0.6811468288444831,0.681443066554494,0.6834676870439107,0.6811468288444831,0.6831224322332887,0.3635921647333736,0.6821346305388859,0.68375325803649,0.6840494765825641,0.6859969792347705,0.68375325803649,0.6856411773153921,0.36870224581777256,0.684697217675941,0.0,0.0,0.0,8.821038879999978,14416.346736779982,12320.56600657319
random_forest_classifier,0.6733275412684622,0.6736335252611102,0.6755655959741459,0.6733275412684622,0.675135815705533,0.3478103891281523,0.6742316784869976,0.6889661164205039,0.6890971304514216,0.6932353444620621,0.6889661164205039,0.6932609551682698,0.3819042665996586,0.6911135357943868,0.6768027801911382,0.6770834655402007,0.679526800073443,0.6768027801911382,0.6792831748309871,0.35546700692189515,0.6780429775110626,0.6924413553431799,0.6926851988425982,0.6955442284892683,0.6924413553431799,0.6954715985272208,0.38729717674518555,0.6939564769352004,0.0,0.0,0.0,8.821038879999978,14416.346736779982,12320.56600657319
random_forest_classifier,0.6785403996524761,0.6788288235487694,0.6811006606677633,0.6785403996524761,0.6808188777919078,0.3587140550105991,0.679679638722192,0.6898349261511729,0.6898976716078254,0.6946497598670188,0.6898349261511729,0.6946743785708979,0.38435323731767296,0.6922546523610352,0.6768027801911382,0.6770590225125608,0.6798713986256485,0.6768027801911382,0.6797135561124322,0.35595039850110505,0.6782581681517852,0.6689834926151172,0.6692759795885074,0.6716140094919647,0.6689834926151172,0.6712965583032314,0.3396783173778141,0.6701400254591744,0.0,0.0,0.0,8.821038879999978,14416.346736779982,12320.56600657319
random_forest_classifier,0.6898349261511729,0.6899262362165816,0.6944295995713734,0.6898349261511729,0.6944591879301752,0.3840671910535416,0.6921470570406741,0.6959165942658557,0.6956659140172571,0.702877756276995,0.6959165942658557,0.7026316266227906,0.39920939862632954,0.6992741104443233,0.6915725456125109,0.6918100839437831,0.6947653426191179,0.6915725456125109,0.6947037470467605,0.3856805924839597,0.6931381463296358,0.6785403996524761,0.6787631986253198,0.6819765017242193,0.6785403996524761,0.6818948309955204,0.35993485076351883,0.6802176153239985,0.0,0.0,0.0,8.821038879999978,14416.346736779982,12320.56600657319
random_forest_classifier,0.6880973066898349,0.6883937408456579,0.6901117796048927,0.6880973066898349,0.6896956253584162,0.37707475792006123,0.6888964660241256,0.680278019113814,0.6800603142894344,0.6867906410203445,0.680278019113814,0.6866583935672794,0.3674390143957873,0.6834682063405467,0.6828844483058211,0.6831545733542916,0.685702899633975,0.6828844483058211,0.6855188977570995,0.36777520690854615,0.6842016730314603,0.6880973066898349,0.6883629913265499,0.6909242685051292,0.6880973066898349,0.690771578562029,0.37822290202792164,0.689434442625932,0.0,0.0,0.0,8.821038879999978,14416.346736779982,12320.56600657319
random_forest_classifier,0.6915725456125109,0.6918450728449348,0.6942322274803171,0.6915725456125109,0.6940581751245928,0.38494879143122224,0.6928153603685521,0.6759339704604691,0.675779366391383,0.6820281044914899,0.6759339704604691,0.6819583736020877,0.35823560863832743,0.6789461720312784,0.685490877497828,0.6857802156282908,0.6878949837237289,0.685490877497828,0.6876072615577579,0.3724113790263771,0.6865490695277929,0.6724587315377932,0.6727377374097753,0.6752601618916668,0.6724587315377932,0.6750135361472405,0.34687981666979517,0.6737361338425168,0.0,0.0,0.0,8.821038879999978,14416.346736779982,12320.56600657319
random_forest_classifier,0.6907037358818419,0.6909489570281495,0.693802802948866,0.6907037358818419,0.6937207049255777,0.38381420138473216,0.6922122204037097,0.687228496959166,0.6871760847513061,0.6928299927459797,0.687228496959166,0.6928012054109619,0.38015761834323575,0.690014851185064,0.6715899218071243,0.6717768576496507,0.675380207835774,0.6715899218071243,0.6753216378703929,0.34651584553489173,0.6734557798387586,0.6915725456125109,0.691835269974722,0.6944051810858987,0.6915725456125109,0.6942733657653154,0.3851880321075053,0.6929229556889132,0.0,0.0,0.0,8.821038879999978,14416.346736779982,12320.56600657319
random_forest_classifier,0.6768027801911382,0.6771001110876359,0.6791997241242219,0.6768027801911382,0.678852793549542,0.35500092016125284,0.6778277868703401,0.6776715899218071,0.6778857381771467,0.6811985918569717,0.6776715899218071,0.6811269795150601,0.3583210393687806,0.6793992847184337,0.6880973066898349,0.6882409320384375,0.6922580550200604,0.6880973066898349,0.692277913047087,0.3800240837060887,0.690187609868461,0.680278019113814,0.6805721529038979,0.6826778279640248,0.680278019113814,0.6823545807528283,0.36196510370730256,0.6813162999333212,0.0,0.0,0.0,8.821038879999978,14416.346736779982,12320.56600657319
random_forest_classifier,0.6768027801911382,0.6769638078846746,0.6808103424624053,0.6768027801911382,0.680789509316045,0.3572351678797047,0.6787961447535915,0.68375325803649,0.6837699679337857,0.6888629944631379,0.68375325803649,0.6888690369262305,0.3725827735179592,0.6863111474813604,0.6898349261511729,0.690099130650636,0.692664724795514,0.6898349261511729,0.6925224721636721,0.38170546706771347,0.6911786991574226,0.6741963509991312,0.6744615566361675,0.6771719622534614,0.6741963509991312,0.6769796203896061,0.3506036816448617,0.6755879856943687,0.0,0.0,0.0,8.821038879999978,14416.346736779982,12320.56600657319
random_forest_classifier,0.6794092093831451,0.6796401258990593,0.6827551511098094,0.6794092093831451,0.6826626824759807,0.36154957064464144,0.6810359459295631,0.6863596872284969,0.6863923581683937,0.6913752302729551,0.6863596872284969,0.6913877820083341,0.3776684960843157,0.6888737346184154,0.6733275412684622,0.6735347055726127,0.6769341076188347,0.6733275412684622,0.6768573408313135,0.34973996057067497,0.6750924410498879,0.68375325803649,0.6840169020636443,0.6866599772485038,0.68375325803649,0.6865019398782823,0.3696372995338222,0.6851275989573863,0.0,0.0,0.0,8.821038879999978,14416.346736779982,12320.56600657319
random_forest_classifier,0.6880973066898349,0.6882640118118881,0.6920533170565253,0.6880973066898349,0.6920627224063644,0.37975280217182084,0.6900800145480995,0.682015638575152,0.6821495802939115,0.6862503138051957,0.682015638575152,0.6862573807616971,0.3679619990642549,0.6841365096684245,0.6715899218071243,0.6717768576496507,0.675380207835774,0.6715899218071243,0.6753216378703929,0.34651584553489173,0.6734557798387586,0.6898349261511729,0.6901169759654231,0.6923246942390252,0.6898349261511729,0.6920920908822271,0.38123206427713907,0.6909635085167001,0.0,0.0,0.0,8.821038879999978,14416.346736779982,12320.56600657319
random_forest_classifier,0.68375325803649,0.6840494765825641,0.6859969792347705,0.68375325803649,0.6856411773153921,0.36870224581777256,0.684697217675941,0.6733275412684622,0.6732338382316333,0.6790397095292472,0.6733275412684622,0.679009247238539,0.35253986140252624,0.6761683942535006,0.680278019113814,0.6804996137678855,0.6837193677923853,0.680278019113814,0.6836457245971638,0.36341852084330906,0.681961871855489,0.6863596872284969,0.6865486378738529,0.690109282971044,0.6863596872284969,0.6900966381639986,0.37600189685063873,0.6882281626962478,0.0,0.0,0.0,8.821038879999978,14416.346736779982,12320.56600657319
random_forest_classifier,0.684622067767159,0.6848649590749105,0.6877982635145905,0.684622067767159,0.6877001726401879,0.37174805962509844,0.6861611202036735,0.6863596872284969,0.6862503079616078,0.6923153576542573,0.6863596872284969,0.6922485445712242,0.3788735844607478,0.6893041158998605,0.682015638575152,0.682252847168284,0.6852766784928909,0.682015638575152,0.6851814275580842,0.3666485149556649,0.6835985330666181,0.6741963509991312,0.6743926293703457,0.677900877325557,0.6741963509991312,0.6778403829524965,0.351611782824766,0.6760183669758137,0.0,0.0,0.0,8.821038879999978,14416.346736779982,12320.56600657319
random_forest_classifier,0.6785403996524761,0.6787952643270094,0.6816128241660506,0.6785403996524761,0.6814644497140754,0.35943337386155844,0.6800024246832758,0.6794092093831451,0.6794092093831451,0.6845993982424838,0.6794092093831451,0.6845993982424838,0.3640086076256289,0.6820043038128144,0.6785403996524761,0.6787952643270094,0.6816128241660506,0.6785403996524761,0.6814644497140754,0.35943337386155844,0.6800024246832758,0.6715899218071243,0.6717981880490629,0.6751904576020168,0.6715899218071243,0.6751064472296704,0.3462558797794611,0.6733481845183973,0.0,0.0,0.0,8.821038879999978,14416.346736779982,12320.56600657319
random_forest_classifier,0.685490877497828,0.6857902796434946,0.6874303063498659,0.685490877497828,0.6869616896355902,0.3717434224754449,0.6862262835667092,0.6863596872284969,0.6864790125871431,0.6907208442115966,0.6863596872284969,0.6907422100861663,0.37681420578118396,0.6885509486573317,0.6785403996524761,0.6787442581432626,0.682165057669288,0.6785403996524761,0.682110021636243,0.3601922029443165,0.6803252106443596,0.68375325803649,0.6838602052540821,0.6882061011865396,0.68375325803649,0.6882234650040628,0.3717244407204748,0.6859883615202764,0.0,0.0,0.0,8.821038879999978,14416.346736779982,12320.56600657319
random_forest_classifier,0.680278019113814,0.68054456032808,0.6831784396363679,0.680278019113814,0.683000152674996,0.36267191698010776,0.681639085894405,0.6759339704604691,0.6755420015706188,0.6832966869305321,0.6759339704604691,0.6830343268057004,0.35984295609791833,0.6794841486330848,0.6811468288444831,0.6813764937803651,0.6844976411401223,0.6811468288444831,0.684413576077624,0.36503305121429525,0.6827802024610535,0.68375325803649,0.6840279071414866,0.6864874173999006,0.68375325803649,0.6862867492375597,0.36939680426005517,0.6850200036370249,0.0,0.0,0.0,8.821038879999978,14416.346736779982,12320.56600657319
random_forest_classifier,0.6811468288444831,0.6814184340302056,0.6839624433435904,0.6811468288444831,0.6837680041554564,0.3642926418687543,0.6824574164999697,0.6898349261511729,0.6896452730069408,0.6963289759805112,0.6898349261511729,0.6961807130559556,0.3864903460549188,0.6930078196035643,0.687228496959166,0.6874892437992086,0.6901415148606398,0.687228496959166,0.6900037270815688,0.37660268208753656,0.6886161120203673,0.6863596872284969,0.686658278313602,0.6882255951556512,0.6863596872284969,0.6877295411160506,0.3733769675057308,0.6870446141722737,0.0,0.0,0.0,8.821038879999978,14416.346736779982,12320.56600657319
random_forest_classifier,0.6733275412684622,0.6734903004425743,0.6773196510254634,0.6733275412684622,0.6772877221127586,0.35026510959672497,0.6753076316906105,0.6898349261511729,0.6894597709402438,0.6973992318388144,0.6898349261511729,0.697041475618846,0.38781906123098064,0.6934382008850095,0.682015638575152,0.6823183490318204,0.6839548785555094,0.682015638575152,0.6834599024323038,0.364779680513004,0.682737770503728,0.6785403996524761,0.6786491097362923,0.682964463749738,0.6785403996524761,0.6829707841991333,0.3612659994770314,0.6807555919258047,0.0,0.0,0.0,8.821038879999978,14416.346736779982,12320.56600657319
random_forest_classifier,0.6959165942658557,0.696127350050978,0.6994051624058784,0.6959165942658557,0.6994037670119523,0.39477155156142085,0.697660180638904,0.6933101650738488,0.6933722075001748,0.6981472105221371,0.6933101650738488,0.6981761657741841,0.39132743155804883,0.6957431654240165,0.682015638575152,0.6822917967411651,0.6847472630682863,0.682015638575152,0.6845358556359167,0.36591435492551516,0.6832757471055344,0.6811468288444831,0.6812113318769523,0.6859061332292231,0.6811468288444831,0.6859199105626819,0.3669177517167333,0.6835333697035825,0.0,0.0,0.0,8.821038879999978,14416.346736779982,12320.56600657319
random_forest_classifier,0.6741963509991312,0.6744128081305392,0.6777120864034192,0.6741963509991312,0.6776251923117739,0.35135329906512863,0.6759107716554524,0.684622067767159,0.6845120825209519,0.6905608855867098,0.684622067767159,0.690497650969581,0.37538262642656284,0.6875598593683699,0.6889661164205039,0.6892127152137009,0.6920613774084639,0.6889661164205039,0.6919698113239344,0.38033122602427877,0.6904679638722192,0.6880973066898349,0.6883511968863577,0.6911006973464617,0.6880973066898349,0.6909867692027517,0.37846630603822556,0.6895420379462933,0.0,0.0,0.0,8.821038879999978,14416.346736779982,12320.56600657319
random_forest_classifier,0.685490877497828,0.6856699007120992,0.6893360201225345,0.685490877497828,0.6893287866835384,0.37439211589733523,0.6874098320906832,0.6741963509991312,0.6741604456243802,0.6795712593081367,0.6741963509991312,0.6795619080782769,0.3538365549088392,0.676879129538704,0.6733275412684622,0.6734380142185025,0.6777228263129362,0.6733275412684622,0.6777181033942037,0.3508075582335881,0.6755228223313329,0.6907037358818419,0.6909181046232806,0.6941765642013807,0.6907037358818419,0.6941510862070227,0.38432054132205024,0.6924274110444322,0.0,0.0,0.0,8.821038879999978,14416.346736779982,12320.56600657319
random_forest_classifier,0.6794092093831451,0.6796822947061196,0.6822219870532056,0.6794092093831451,0.6820171105538132,0.3608100768289625,0.680713159968479,0.68375325803649,0.683537919568897,0.6903061521486994,0.68375325803649,0.6901601807705658,0.37442559712385604,0.686956719403528,0.6794092093831451,0.6796023473004202,0.6831330511736229,0.6794092093831451,0.6830930637574258,0.3620646888358543,0.6812511365702856,0.6724587315377932,0.6727700286875014,0.6744705838424581,0.6724587315377932,0.6739375829436277,0.34573782447258944,0.6731981572407104,0.0,0.0,0.0,8.821038879999978,14416.346736779982,12320.56600657319
random_forest_classifier,0.685490877497828,0.6857402315848038,0.6885785263276595,0.685490877497828,0.6884680241206481,0.373365275303372,0.6869794508092381,0.68375325803649,0.6837360707135572,0.6890914647195265,0.68375325803649,0.689084227566953,0.3728781728394024,0.6864187428017215,0.682015638575152,0.682252847168284,0.6852766784928909,0.682015638575152,0.6851814275580842,0.3666485149556649,0.6835985330666181,0.68375325803649,0.6837002634707651,0.6893247252665046,0.68375325803649,0.6892994182076757,0.3731782437874514,0.6865263381220827,0.0,0.0,0.0,8.821038879999978,14416.346736779982,12320.56600657319
random_forest_classifier,0.682015638575152,0.6823168766006642,0.6841044188237816,0.682015638575152,0.6836750930730264,0.3649977675878255,0.6828453658240893,0.6776715899218071,0.6777051658738894,0.6826262911745542,0.6776715899218071,0.6826333140001181,0.3602295773706,0.6801524519609625,0.6776715899218071,0.6778438673599179,0.6815838823277088,0.6776715899218071,0.6815573607965053,0.3588441451376297,0.6796144753591562,0.680278019113814,0.6805809032487553,0.682366300942035,0.680278019113814,0.6819241994713833,0.36151586506749006,0.6811011092925987,0.0,0.0,0.0,8.821038879999978,14416.346736779982,12320.56600657319
simple_vector_classifier,0.6967854039965248,0.6937894874573117,0.7169678085324507,0.6967854039965248,0.7111463411692631,0.4162269194441384,0.7039658725828939,0.6959165942658557,0.689444288396571,0.7307945558731097,0.6959165942658557,0.7157582557068666,0.43020444723648915,0.7058374249863612,0.6941789748045178,0.6884558213726726,0.7255680600238752,0.6941789748045178,0.7129314089016106,0.42312307390840653,0.7035551918530643,0.6880973066898349,0.6817045488472698,0.7210817255492585,0.6880973066898349,0.7075564485383884,0.41277015519933735,0.6978268776141117,0.0,0.0,0.0,7.628656933333308,13091.383176373418,11757.206914753517
simple_vector_classifier,0.6967854039965248,0.6937894874573117,0.7169678085324507,0.6967854039965248,0.7111463411692631,0.4162269194441384,0.7039658725828939,0.6959165942658557,0.6896046707548033,0.7301146240777977,0.6959165942658557,0.715543065066144,0.42949792977173507,0.7057298296659998,0.6863596872284969,0.6794318944608108,0.7211238895760254,0.6863596872284969,0.7064511268589129,0.41119420460023487,0.696405407043705,0.6898349261511729,0.6834777825584271,0.7230142471222468,0.6898349261511729,0.7093073421400315,0.4164095850275492,0.6995711341456022,0.0,0.0,0.0,7.628656933333308,13091.383176373418,11757.206914753517
simple_vector_classifier,0.6967854039965248,0.6937894874573117,0.7169678085324507,0.6967854039965248,0.7111463411692631,0.4162269194441384,0.7039658725828939,0.6924413553431799,0.6853960629067993,0.7289814110483707,0.6924413553431799,0.7129020404257479,0.4250550872496222,0.7026716978844638,0.6915725456125109,0.6852510162695843,0.7249467686952353,0.6915725456125109,0.7110582357416747,0.4200490148557611,0.7013153906770928,0.6907037358818419,0.684915546615544,0.7217348978886877,0.6907037358818419,0.7094296216983242,0.4158716235418459,0.700066678790083,0.0,0.0,0.0,7.628656933333308,13091.383176373418,11757.206914753517
simple_vector_classifier,0.6967854039965248,0.6937894874573117,0.7169678085324507,0.6967854039965248,0.7111463411692631,0.4162269194441384,0.7039658725828939,0.6915725456125109,0.6852510162695843,0.7249467686952353,0.6915725456125109,0.7110582357416747,0.4200490148557611,0.7013153906770928,0.6950477845351868,0.6892647764237461,0.7268462781962596,0.6950477845351868,0.7139144510227935,0.42527198738073324,0.7044811177789903,0.6898349261511729,0.6837966946385302,0.721722724129015,0.6898349261511729,0.7088769608585864,0.4150551830436077,0.6993559435048796,0.0,0.0,0.0,7.628656933333308,13091.383176373418,11757.206914753517
simple_vector_classifier,0.6967854039965248,0.6937894874573117,0.7169678085324507,0.6967854039965248,0.7111463411692631,0.4162269194441384,0.7039658725828939,0.6976542137271937,0.6908938853412337,0.734131482761385,0.6976542137271937,0.7179395305899547,0.43529499008609546,0.7077968721585743,0.6898349261511729,0.6834777825584271,0.7230142471222468,0.6898349261511729,0.7093073421400315,0.4164095850275492,0.6995711341456022,0.6924413553431799,0.6862174582041287,0.7255833956368986,0.6924413553431799,0.711826087222135,0.4215243287592089,0.7021337212826574,0.0,0.0,0.0,7.628656933333308,13091.383176373418,11757.206914753517
simple_vector_classifier,0.6967854039965248,0.6937894874573117,0.7169678085324507,0.6967854039965248,0.7111463411692631,0.4162269194441384,0.7039658725828939,0.6924413553431799,0.6853960629067993,0.7289814110483707,0.6924413553431799,0.7129020404257479,0.4250550872496222,0.7026716978844638,0.6915725456125109,0.68556814172739,0.7236460315956731,0.6915725456125109,0.7106278544602296,0.4186866910951101,0.7011002000363703,0.6924413553431799,0.686531647120997,0.7242868004902852,0.6924413553431799,0.7113957059406899,0.4201655597721826,0.701918530641935,0.0,0.0,0.0,7.628656933333308,13091.383176373418,11757.206914753517
simple_vector_classifier,0.6967854039965248,0.6937894874573117,0.7169678085324507,0.6967854039965248,0.7111463411692631,0.4162269194441384,0.7039658725828939,0.6924413553431799,0.6858950802639604,0.7269153159684686,0.6924413553431799,0.7122564685035802,0.42291338326191547,0.70234891192338,0.6907037358818419,0.6847606394776129,0.7223657525291455,0.6907037358818419,0.7096448123390467,0.416535994325118,0.7001742741104444,0.6863596872284969,0.6799313151361126,0.7191492039762701,0.6863596872284969,0.7058055549367453,0.40913072537112544,0.6960826210826211,0.0,0.0,0.0,7.628656933333308,13091.383176373418,11757.206914753517
simple_vector_classifier,0.6967854039965248,0.6937894874573117,0.7169678085324507,0.6967854039965248,0.7111463411692631,0.4162269194441384,0.7039658725828939,0.6941789748045178,0.6878309831591165,0.7281797544402293,0.6941789748045178,0.7137921714645008,0.4258564813221725,0.7039855731345093,0.6880973066898349,0.6817045488472698,0.7210817255492585,0.6880973066898349,0.7075564485383884,0.41277015519933735,0.6978268776141117,0.6950477845351868,0.6892647764237461,0.7268462781962596,0.6950477845351868,0.7139144510227935,0.42527198738073324,0.7044811177789903,0.0,0.0,0.0,7.628656933333308,13091.383176373418,11757.206914753517
simple_vector_classifier,0.6967854039965248,0.6937894874573117,0.7169678085324507,0.6967854039965248,0.7111463411692631,0.4162269194441384,0.7039658725828939,0.6959165942658557,0.6889509096536152,0.7328900355960423,0.6959165942658557,0.7164038276290343,0.4323714034389808,0.706160210947445,0.6924413553431799,0.6862174582041287,0.7255833956368986,0.6924413553431799,0.711826087222135,0.4215243287592089,0.7021337212826574,0.6898349261511729,0.6837966946385302,0.721722724129015,0.6898349261511729,0.7088769608585864,0.4150551830436077,0.6993559435048796,0.0,0.0,0.0,7.628656933333308,13091.383176373418,11757.206914753517
simple_vector_classifier,0.6967854039965248,0.6937894874573117,0.7169678085324507,0.6967854039965248,0.7111463411692631,0.4162269194441384,0.7039658725828939,0.6941789748045178,0.6881474630245801,0.7268563216548782,0.6941789748045178,0.7133617901830557,0.4244746613847762,0.7037703824937868,0.6915725456125109,0.6850893726485984,0.7256103577217141,0.6915725456125109,0.7112734263823973,0.4207415062814165,0.7014229859974541,0.6880973066898349,0.6817045488472698,0.7210817255492585,0.6880973066898349,0.7075564485383884,0.41277015519933735,0.6978268776141117,0.0,0.0,0.0,7.628656933333308,13091.383176373418,11757.206914753517
simple_vector_classifier,0.6967854039965248,0.6937894874573117,0.7169678085324507,0.6967854039965248,0.7111463411692631,0.4162269194441384,0.7039658725828939,0.6959165942658557,0.6896046707548033,0.7301146240777977,0.6959165942658557,0.715543065066144,0.42949792977173507,0.7057298296659998,0.6898349261511729,0.6833152282691537,0.7236731219935304,0.6898349261511729,0.7095225327807542,0.4170980238021635,0.6996787294659634,0.6907037358818419,0.6844446754821182,0.7236532042087519,0.6907037358818419,0.7100751936204919,0.4178869022132825,0.7003894647511669,0.0,0.0,0.0,7.628656933333308,13091.383176373418,11757.206914753517
simple_vector_classifier,0.6967854039965248,0.6937894874573117,0.7169678085324507,0.6967854039965248,0.7111463411692631,0.4162269194441384,0.7039658725828939,0.6959165942658557,0.6891174134179073,0.7321821423851318,0.6959165942658557,0.7161886369883117,0.43164110385722393,0.7060526156270837,0.6889661164205039,0.6828317947806808,0.721079568219789,0.6889661164205039,0.7081091093781261,0.41357426420960935,0.698537612899315,0.6898349261511729,0.6836382695390365,0.7223641507846013,0.6898349261511729,0.7090921514993089,0.4157286626779872,0.699463538825241,0.0,0.0,0.0,7.628656933333308,13091.383176373418,11757.206914753517
simple_vector_classifier,0.6967854039965248,0.6937894874573117,0.7169678085324507,0.6967854039965248,0.7111463411692631,0.4162269194441384,0.7039658725828939,0.6976542137271937,0.6912188924628764,0.7327341758254303,0.6976542137271937,0.7175091493085097,0.43384997922377605,0.7075816815178516,0.6915725456125109,0.6854106041634677,0.7242920298825251,0.6915725456125109,0.7108430451009522,0.4193641012121408,0.7012077953567315,0.6898349261511729,0.684107380483674,0.7204654559478004,0.6898349261511729,0.7084465795771414,0.4137302641929847,0.6991407528641571,0.0,0.0,0.0,7.628656933333308,13091.383176373418,11757.206914753517
simple_vector_classifier,0.6967854039965248,0.6937894874573117,0.7169678085324507,0.6967854039965248,0.7111463411692631,0.4162269194441384,0.7039658725828939,0.6941789748045178,0.6879902409261393,0.7275135870650453,0.6941789748045178,0.7135769808237783,0.42516175530513534,0.7038779778141482,0.6924413553431799,0.6863755736099469,0.7249307371765152,0.6924413553431799,0.7116108965814125,0.42084119565972056,0.7020261259622962,0.6863596872284969,0.6796004678385816,0.7204568417755807,0.6863596872284969,0.7062359362181904,0.4104988600806735,0.6962978117233437,0.0,0.0,0.0,7.628656933333308,13091.383176373418,11757.206914753517
simple_vector_classifier,0.6967854039965248,0.6937894874573117,0.7169678085324507,0.6967854039965248,0.7111463411692631,0.4162269194441384,0.7039658725828939,0.6933101650738488,0.6863689983694726,0.7296071759519019,0.6933101650738488,0.7136698919062082,0.426521226234809,0.7034900284900284,0.685490877497828,0.6786286781376117,0.719817029899674,0.685490877497828,0.7054680847377299,0.4090207457911611,0.695479481117779,0.6889661164205039,0.6828317947806808,0.721079568219789,0.6889661164205039,0.7081091093781261,0.41357426420960935,0.698537612899315,0.0,0.0,0.0,7.628656933333308,13091.383176373418,11757.206914753517
simple_vector_classifier,0.6967854039965248,0.6937894874573117,0.7169678085324507,0.6967854039965248,0.7111463411692631,0.4162269194441384,0.7039658725828939,0.6985230234578628,0.6918638985537433,0.7347520672081277,0.6985230234578628,0.7187073820704151,0.43675662324830206,0.708615202764139,0.6880973066898349,0.6817045488472698,0.7210817255492585,0.6880973066898349,0.7075564485383884,0.41277015519933735,0.6978268776141117,0.6898349261511729,0.6839530632002203,0.7210898606124719,0.6898349261511729,0.708661770217864,0.41438907384271306,0.6992483481845184,0.0,0.0,0.0,7.628656933333308,13091.383176373418,11757.206914753517
simple_vector_classifier,0.6967854039965248,0.6937894874573117,0.7169678085324507,0.6967854039965248,0.7111463411692631,0.4162269194441384,0.7039658725828939,0.6959165942658557,0.689444288396571,0.7307945558731097,0.6959165942658557,0.7157582557068666,0.43020444723648915,0.7058374249863612,0.6880973066898349,0.6817045488472698,0.7210817255492585,0.6880973066898349,0.7075564485383884,0.41277015519933735,0.6978268776141117,0.6898349261511729,0.6839530632002203,0.7210898606124719,0.6898349261511729,0.708661770217864,0.41438907384271306,0.6992483481845184,0.0,0.0,0.0,7.628656933333308,13091.383176373418,11757.206914753517
simple_vector_classifier,0.6967854039965248,0.6937894874573117,0.7169678085324507,0.6967854039965248,0.7111463411692631,0.4162269194441384,0.7039658725828939,0.6959165942658557,0.6891174134179073,0.7321821423851318,0.6959165942658557,0.7161886369883117,0.43164110385722393,0.7060526156270837,0.6889661164205039,0.6825099203720559,0.7223751455275235,0.6889661164205039,0.7085394906595712,0.4149321359734848,0.6987528035400375,0.6880973066898349,0.6820252475496704,0.7197994166623569,0.6880973066898349,0.7071260672569434,0.4114236749921053,0.6976116869733892,0.0,0.0,0.0,7.628656933333308,13091.383176373418,11757.206914753517
simple_vector_classifier,0.6967854039965248,0.6937894874573117,0.7169678085324507,0.6967854039965248,0.7111463411692631,0.4162269194441384,0.7039658725828939,0.6967854039965248,0.6895867414357877,0.7349508020289546,0.6967854039965248,0.7176020603909395,0.43531439169661373,0.707193732193732,0.6889661164205039,0.6826718927601076,0.7217230127806051,0.6889661164205039,0.7083243000188487,0.4142494756673561,0.6986452082196764,0.6907037358818419,0.6847606394776129,0.7223657525291455,0.6907037358818419,0.7096448123390467,0.416535994325118,0.7001742741104444,0.0,0.0,0.0,7.628656933333308,13091.383176373418,11757.206914753517
simple_vector_classifier,0.6967854039965248,0.6937894874573117,0.7169678085324507,0.6967854039965248,0.7111463411692631,0.4162269194441384,0.7039658725828939,0.6933101650738488,0.6865358967996293,0.7289114196515125,0.6933101650738488,0.7134547012654856,0.42580130097055896,0.7033824331696672,0.6863596872284969,0.6794318944608108,0.7211238895760254,0.6863596872284969,0.7064511268589129,0.41119420460023487,0.696405407043705,0.6880973066898349,0.6820252475496704,0.7197994166623569,0.6880973066898349,0.7071260672569434,0.4114236749921053,0.6976116869733892,0.0,0.0,0.0,7.628656933333308,13091.383176373418,11757.206914753517
simple_vector_classifier,0.6967854039965248,0.6937894874573117,0.7169678085324507,0.6967854039965248,0.7111463411692631,0.4162269194441384,0.7039658725828939,0.6933101650738488,0.6871829387878988,0.7262199089804486,0.6933101650738488,0.7125939387025954,0.4229995397462944,0.7029520518882222,0.6889661164205039,0.6823458721313497,0.7230360760638275,0.6889661164205039,0.7087546813002938,0.4156223192873418,0.6988603988603989,0.6889661164205039,0.6831454092369796,0.7198183168210939,0.6889661164205039,0.707678728096681,0.4122458983585656,0.6983224222585925,0.0,0.0,0.0,7.628656933333308,13091.383176373418,11757.206914753517
simple_vector_classifier,0.6967854039965248,0.6937894874573117,0.7169678085324507,0.6967854039965248,0.7111463411692631,0.4162269194441384,0.7039658725828939,0.6924413553431799,0.6860572955634296,0.7262448848026607,0.6924413553431799,0.7120412778628576,0.4222150328726099,0.7022413166030189,0.6880973066898349,0.6818659349146053,0.7204362716866773,0.6880973066898349,0.7073412578976659,0.41209322414383365,0.6977192822937505,0.6880973066898349,0.6820252475496704,0.7197994166623569,0.6880973066898349,0.7071260672569434,0.4114236749921053,0.6976116869733892,0.0,0.0,0.0,7.628656933333308,13091.383176373418,11757.206914753517
simple_vector_classifier,0.6967854039965248,0.6937894874573117,0.7169678085324507,0.6967854039965248,0.7111463411692631,0.4162269194441384,0.7039658725828939,0.6941789748045178,0.687003967587883,0.7316481322738594,0.6941789748045178,0.7148681246681137,0.42944729956359656,0.7045235497363157,0.6907037358818419,0.6846036841953139,0.723005152698152,0.6907037358818419,0.7098600029797693,0.417207729934665,0.7002818694308056,0.6889661164205039,0.6828317947806808,0.721079568219789,0.6889661164205039,0.7081091093781261,0.41357426420960935,0.698537612899315,0.0,0.0,0.0,7.628656933333308,13091.383176373418,11757.206914753517
simple_vector_classifier,0.6967854039965248,0.6937894874573117,0.7169678085324507,0.6967854039965248,0.7111463411692631,0.4162269194441384,0.7039658725828939,0.6941789748045178,0.6873409414945812,0.7302328020088787,0.6941789748045178,0.7144377433866685,0.4279872176283524,0.7043083590955931,0.685490877497828,0.6789625451806823,0.7185054062523866,0.685490877497828,0.705037703456285,0.4076492390743596,0.6952642904770564,0.687228496959166,0.6812186241908446,0.7185236566068662,0.687228496959166,0.7061430251357603,0.4092768634309888,0.6966857610474632,0.0,0.0,0.0,7.628656933333308,13091.383176373418,11757.206914753517
simple_vector_classifier,0.6967854039965248,0.6937894874573117,0.7169678085324507,0.6967854039965248,0.7111463411692631,0.4162269194441384,0.7039658725828939,0.6950477845351868,0.6887974836918989,0.728811811841212,0.6950477845351868,0.7145600229449611,0.4273278745121849,0.704803903740074,0.6907037358818419,0.6842836079677428,0.7243100151650921,0.6907037358818419,0.7102903842612145,0.4185735844230473,0.7004970600715281,0.6889661164205039,0.6828317947806808,0.721079568219789,0.6889661164205039,0.7081091093781261,0.41357426420960935,0.698537612899315,0.0,0.0,0.0,7.628656933333308,13091.383176373418,11757.206914753517
simple_vector_classifier,0.6967854039965248,0.6937894874573117,0.7169678085324507,0.6967854039965248,0.7111463411692631,0.4162269194441384,0.7039658725828939,0.6959165942658557,0.6891174134179073,0.7321821423851318,0.6959165942658557,0.7161886369883117,0.43164110385722393,0.7060526156270837,0.6898349261511729,0.6834777825584271,0.7230142471222468,0.6898349261511729,0.7093073421400315,0.4164095850275492,0.6995711341456022,0.6898349261511729,0.6837966946385302,0.721722724129015,0.6898349261511729,0.7088769608585864,0.4150551830436077,0.6993559435048796,0.0,0.0,0.0,7.628656933333308,13091.383176373418,11757.206914753517
simple_vector_classifier,0.6967854039965248,0.6937894874573117,0.7169678085324507,0.6967854039965248,0.7111463411692631,0.4162269194441384,0.7039658725828939,0.6941789748045178,0.687003967587883,0.7316481322738594,0.6941789748045178,0.7148681246681137,0.42944729956359656,0.7045235497363157,0.6889661164205039,0.6823458721313497,0.7230360760638275,0.6889661164205039,0.7087546813002938,0.4156223192873418,0.6988603988603989,0.6915725456125109,0.6854106041634677,0.7242920298825251,0.6915725456125109,0.7108430451009522,0.4193641012121408,0.7012077953567315,0.0,0.0,0.0,7.628656933333308,13091.383176373418,11757.206914753517
simple_vector_classifier,0.6967854039965248,0.6937894874573117,0.7169678085324507,0.6967854039965248,0.7111463411692631,0.4162269194441384,0.7039658725828939,0.6924413553431799,0.685730806797554,0.7275948028482332,0.6924413553431799,0.7124716591443028,0.4236194566795233,0.7024565072437412,0.6889661164205039,0.6825099203720559,0.7223751455275235,0.6889661164205039,0.7085394906595712,0.4149321359734848,0.6987528035400375,0.6889661164205039,0.6829896318342287,0.7204447045680058,0.6889661164205039,0.7078939187374037,0.4129064288780534,0.6984300175789537,0.0,0.0,0.0,7.628656933333308,13091.383176373418,11757.206914753517
simple_vector_classifier,0.6967854039965248,0.6937894874573117,0.7169678085324507,0.6967854039965248,0.7111463411692631,0.4162269194441384,0.7039658725828939,0.6941789748045178,0.6873409414945812,0.7302328020088787,0.6941789748045178,0.7144377433866685,0.4279872176283524,0.7043083590955931,0.685490877497828,0.6789625451806823,0.7185054062523866,0.685490877497828,0.705037703456285,0.4076492390743596,0.6952642904770564,0.684622067767159,0.6778254011784075,0.7185148193569109,0.684622067767159,0.7044850426165471,0.40685126303626895,0.6945535551918531,0.0,0.0,0.0,7.628656933333308,13091.383176373418,11757.206914753517
simple_vector_classifier,0.6967854039965248,0.6937894874573117,0.7169678085324507,0.6967854039965248,0.7111463411692631,0.4162269194441384,0.7039658725828939,0.6967854039965248,0.6897558404698724,0.7342259739165052,0.6967854039965248,0.717386869750217,0.4345697409128297,0.7070861368733709,0.6933101650738488,0.6873395888162498,0.7255693390623313,0.6933101650738488,0.7123787480618728,0.4223181991466125,0.7028444565678608,0.6898349261511729,0.6836382695390365,0.7223641507846013,0.6898349261511729,0.7090921514993089,0.4157286626779872,0.699463538825241,0.0,0.0,0.0,7.628656933333308,13091.383176373418,11757.206914753517
logistic_regression_classifier,0.7428323197219809,0.7425002875172186,0.7513281687553913,0.7428323197219809,0.7505513257893242,0.49466718150157085,0.7466918227556525,0.7428323197219809,0.7419397975109671,0.7553376595899928,0.7428323197219809,0.7529184228372723,0.499237026397943,0.7478753712796266,0.7437011294526499,0.7429551834612494,0.7552430613571588,0.7437011294526499,0.7532558930362875,0.49988362262022784,0.7484785112444687,0.7480451781059948,0.7472283546174472,0.7602829494389554,0.7480451781059948,0.7579559130014794,0.5093231273854003,0.7530005455537372,0.0,0.0,0.0,47.09061456666682,13007.995605279952,11185.71203851387
logistic_regression_classifier,0.7428323197219809,0.7425002875172186,0.7513281687553913,0.7428323197219809,0.7505513257893242,0.49466718150157085,0.7466918227556525,0.7463075586446568,0.7449069780756526,0.7623880730641183,0.7463075586446568,0.7581417351663392,0.5101210052160825,0.752224646905498,0.7515204170286707,0.7511147504749839,0.76083040968602,0.7515204170286707,0.7597361750789852,0.5129399266485186,0.755628296053828,0.7480451781059948,0.7473919325746856,0.7591109830750219,0.7480451781059948,0.7573103410793116,0.5080045298105729,0.7526777595926532,0.0,0.0,0.0,47.09061456666682,13007.995605279952,11185.71203851387
logistic_regression_classifier,0.7428323197219809,0.7425002875172186,0.7513281687553913,0.7428323197219809,0.7505513257893242,0.49466718150157085,0.7466918227556525,0.7471763683753258,0.745885363852643,0.7625977478152804,0.7471763683753258,0.7586943960060769,0.5111261595940885,0.7529353821907013,0.731537793223284,0.7303094826109506,0.7455645437861033,0.731537793223284,0.742505972309843,0.4784506561671542,0.7370218827665636,0.735881841876629,0.7350255855300136,0.7478135221903983,0.735881841876629,0.745699657789977,0.48474321461304826,0.7407907498333032,0.0,0.0,0.0,47.09061456666682,13007.995605279952,11185.71203851387
logistic_regression_classifier,0.7428323197219809,0.7425002875172186,0.7513281687553913,0.7428323197219809,0.7505513257893242,0.49466718150157085,0.7466918227556525,0.7463075586446568,0.7451137344349207,0.7610264919952182,0.7463075586446568,0.7574961632441715,0.5086223408442645,0.7519018609444141,0.7515204170286707,0.750415562258653,0.7659634739584698,0.7515204170286707,0.7625336534083784,0.5186968058165625,0.7570270352185245,0.7445699391833188,0.7436234814447741,0.7575289051680699,0.7445699391833188,0.7548845070796381,0.5032065670337248,0.7497272231314785,0.0,0.0,0.0,47.09061456666682,13007.995605279952,11185.71203851387
logistic_regression_classifier,0.7428323197219809,0.7425002875172186,0.7513281687553913,0.7428323197219809,0.7505513257893242,0.49466718150157085,0.7466918227556525,0.7463075586446568,0.7450463810243781,0.7614728784925282,0.7463075586446568,0.757711353884894,0.5091148885441371,0.7520094562647754,0.7471763683753258,0.7462093100768443,0.7604152872003425,0.7471763683753258,0.7576184428024642,0.5087107075171851,0.7523974055888949,0.7445699391833188,0.7440104455608768,0.7548209057553968,0.7445699391833188,0.7533781725945802,0.5001509958167211,0.7489740558889495,0.0,0.0,0.0,47.09061456666682,13007.995605279952,11185.71203851387
logistic_regression_classifier,0.7428323197219809,0.7425002875172186,0.7513281687553913,0.7428323197219809,0.7505513257893242,0.49466718150157085,0.7466918227556525,0.7480451781059948,0.746924870821711,0.7623794930661714,0.7480451781059948,0.759031866205092,0.5116567659185056,0.7535385221555433,0.7428323197219809,0.7418174726949324,0.7561563164008546,0.7428323197219809,0.7533488041187174,0.500153375662777,0.7480905619203493,0.7506516072980017,0.7500307683633882,0.7615837086062742,0.7506516072980017,0.7598290861614152,0.5130497307276596,0.7552403467297084,0.0,0.0,0.0,47.09061456666682,13007.995605279952,11185.71203851387
logistic_regression_classifier,0.7428323197219809,0.7425002875172186,0.7513281687553913,0.7428323197219809,0.7505513257893242,0.49466718150157085,0.7466918227556525,0.7523892267593397,0.751191343014314,0.7675327282707181,0.7523892267593397,0.763731886170284,0.5211976332439733,0.7580605564648117,0.7419635099913119,0.7412125067389529,0.7534646748093626,0.7419635099913119,0.7515049994346442,0.4963745655618384,0.746734254712978,0.7489139878366637,0.7481832136281393,0.7605782210005472,0.7489139878366637,0.7585085738412171,0.5104107937953961,0.7537112808389403,0.0,0.0,0.0,47.09061456666682,13007.995605279952,11185.71203851387
logistic_regression_classifier,0.7428323197219809,0.7425002875172186,0.7513281687553913,0.7428323197219809,0.7505513257893242,0.49466718150157085,0.7466918227556525,0.7463075586446568,0.7449069780756526,0.7623880730641183,0.7463075586446568,0.7581417351663392,0.5101210052160825,0.752224646905498,0.7480451781059948,0.7469886607202673,0.7619456195718106,0.7480451781059948,0.7588166755643696,0.5111762717264807,0.7534309268351822,0.7515204170286707,0.7507701522522762,0.7634439525603401,0.7515204170286707,0.761242509564043,0.5158965305043428,0.7563814632963569,0.0,0.0,0.0,47.09061456666682,13007.995605279952,11185.71203851387
logistic_regression_classifier,0.7428323197219809,0.7425002875172186,0.7513281687553913,0.7428323197219809,0.7505513257893242,0.49466718150157085,0.7466918227556525,0.7480451781059948,0.746724192616982,0.7637256807713695,0.7480451781059948,0.7596774381272597,0.5131401660602499,0.7538613081166272,0.7454387489139879,0.7445255864720802,0.7582162904541584,0.7454387489139879,0.7556523585600985,0.5047344159930119,0.7505455537370431,0.7471763683753258,0.7464944783180218,0.7584136743416184,0.7471763683753258,0.7565424895988513,0.506466330815363,0.7518594289870884,0.0,0.0,0.0,47.09061456666682,13007.995605279952,11185.71203851387
logistic_regression_classifier,0.7428323197219809,0.7425002875172186,0.7513281687553913,0.7428323197219809,0.7505513257893242,0.49466718150157085,0.7466918227556525,0.7454387489139879,0.7442740401456587,0.7599095154609318,0.7454387489139879,0.7565131211229886,0.5066182049951222,0.7509759350184882,0.73501303214596,0.7341238685666762,0.7471168008584,0.73501303214596,0.7449318063095167,0.48320710784826504,0.7399724192277385,0.7576020851433536,0.7567887191150907,0.7702874438977126,0.7576020851433536,0.7676934231308781,0.5288660341378433,0.7626477541371158,0.0,0.0,0.0,47.09061456666682,13007.995605279952,11185.71203851387
logistic_regression_classifier,0.7428323197219809,0.7425002875172186,0.7513281687553913,0.7428323197219809,0.7505513257893242,0.49466718150157085,0.7466918227556525,0.7454387489139879,0.7440689315868106,0.7612563700055752,0.7454387489139879,0.7571586930451562,0.5081034702992704,0.7512987209795721,0.7515204170286707,0.7505997132421951,0.7646707447195549,0.7515204170286707,0.7618880814862108,0.5172654482438909,0.7567042492574408,0.7515204170286707,0.7504784722965393,0.7655251497295655,0.7515204170286707,0.7623184627676559,0.518212686435896,0.7569194398981633,0.0,0.0,0.0,47.09061456666682,13007.995605279952,11185.71203851387
logistic_regression_classifier,0.7428323197219809,0.7425002875172186,0.7513281687553913,0.7428323197219809,0.7505513257893242,0.49466718150157085,0.7466918227556525,0.7471763683753258,0.7460196098374973,0.7617026369202853,0.7471763683753258,0.7582640147246318,0.5101391485986182,0.7527201915499788,0.7480451781059948,0.7473919325746856,0.7591109830750219,0.7480451781059948,0.7573103410793116,0.5080045298105729,0.7526777595926532,0.7437011294526499,0.7429551834612494,0.7552430613571588,0.7437011294526499,0.7532558930362875,0.49988362262022784,0.7484785112444687,0.0,0.0,0.0,47.09061456666682,13007.995605279952,11185.71203851387
logistic_regression_classifier,0.7428323197219809,0.7425002875172186,0.7513281687553913,0.7428323197219809,0.7505513257893242,0.49466718150157085,0.7466918227556525,0.7471763683753258,0.745885363852643,0.7625977478152804,0.7471763683753258,0.7586943960060769,0.5111261595940885,0.7529353821907013,0.7428323197219809,0.7416888336662981,0.7570035217277233,0.7428323197219809,0.7537791854001625,0.5010967060714204,0.7483057525610717,0.7489139878366637,0.7481281089979372,0.760973375597035,0.7489139878366637,0.7587237644819396,0.5108544614535528,0.7538188761593017,0.0,0.0,0.0,47.09061456666682,13007.995605279952,11185.71203851387
logistic_regression_classifier,0.7428323197219809,0.7425002875172186,0.7513281687553913,0.7428323197219809,0.7505513257893242,0.49466718150157085,0.7466918227556525,0.7437011294526499,0.7423923791633322,0.7590022105063691,0.7437011294526499,0.7551926088027904,0.5040766504699319,0.7494468691277202,0.7445699391833188,0.7439598429086162,0.7551869877529301,0.7445699391833188,0.7535933632353026,0.5005676873239583,0.7490816512093107,0.7437011294526499,0.7430098663361391,0.7548607304949659,0.7437011294526499,0.753040702395565,0.4994512493545846,0.7483709159241075,0.0,0.0,0.0,47.09061456666682,13007.995605279952,11185.71203851387
logistic_regression_classifier,0.7428323197219809,0.7425002875172186,0.7513281687553913,0.7428323197219809,0.7505513257893242,0.49466718150157085,0.7466918227556525,0.7506516072980017,0.7495746460503666,0.7648479435055981,0.7506516072980017,0.7615506112871956,0.5166943131343089,0.7561011092925987,0.7437011294526499,0.7429551834612494,0.7552430613571588,0.7437011294526499,0.7532558930362875,0.49988362262022784,0.7484785112444687,0.7480451781059948,0.7474433824608799,0.7587343629443039,0.7480451781059948,0.7570951504385891,0.507578388062683,0.7525701642722921,0.0,0.0,0.0,47.09061456666682,13007.995605279952,11185.71203851387
logistic_regression_classifier,0.7428323197219809,0.7425002875172186,0.7513281687553913,0.7428323197219809,0.7505513257893242,0.49466718150157085,0.7466918227556525,0.7463075586446568,0.7451795251032401,0.760587502620022,0.7463075586446568,0.757280972603449,0.5081367459694772,0.7517942656240529,0.739357080799305,0.7381981422293563,0.7534195408354246,0.739357080799305,0.7502773981968762,0.4940566661733636,0.7448172394980905,0.741094700260643,0.7403689854833782,0.7523848964260716,0.741094700260643,0.7505219573134615,0.4944041718718617,0.745808328787052,0.0,0.0,0.0,47.09061456666682,13007.995605279952,11185.71203851387
logistic_regression_classifier,0.7428323197219809,0.7425002875172186,0.7513281687553913,0.7428323197219809,0.7505513257893242,0.49466718150157085,0.7466918227556525,0.7445699391833188,0.7435619492307773,0.7579439047293087,0.7445699391833188,0.7550996977203606,0.5036698165361986,0.7498348184518397,0.737619461337967,0.7368840054227523,0.7488300496792557,0.737619461337967,0.7470201701101752,0.4873875853286875,0.7423198157240711,0.7489139878366637,0.7480714689041621,0.7613756581133616,0.7489139878366637,0.7589389551226622,0.5113049086418516,0.7539264714796631,0.0,0.0,0.0,47.09061456666682,13007.995605279952,11185.71203851387
logistic_regression_classifier,0.7428323197219809,0.7425002875172186,0.7513281687553913,0.7428323197219809,0.7505513257893242,0.49466718150157085,0.7466918227556525,0.7489139878366637,0.7476318561972983,0.7643955164697361,0.7489139878366637,0.7604452896077201,0.5146509141561667,0.7546796387221919,0.7463075586446568,0.7454270975446026,0.7589044185069195,0.7463075586446568,0.7564202100405587,0.5062631172883865,0.7513638843426078,0.7471763683753258,0.7466470495623018,0.757296931021402,0.7471763683753258,0.7558969176766837,0.5051999881699585,0.7515366430260048,0.0,0.0,0.0,47.09061456666682,13007.995605279952,11185.71203851387
logistic_regression_classifier,0.7428323197219809,0.7425002875172186,0.7513281687553913,0.7428323197219809,0.7505513257893242,0.49466718150157085,0.7466918227556525,0.7445699391833188,0.7434341793847692,0.7587955121738726,0.7445699391833188,0.7555300790018058,0.5046167260204488,0.7500500090925624,0.741094700260643,0.7403129558432807,0.752767783683074,0.741094700260643,0.750737147954184,0.4948375378298522,0.7459159241074134,0.7437011294526499,0.7427207782565947,0.7568422510237558,0.7437011294526499,0.7541166555991777,0.5016795577939481,0.7489088925259139,0.0,0.0,0.0,47.09061456666682,13007.995605279952,11185.71203851387
logistic_regression_classifier,0.7428323197219809,0.7425002875172186,0.7513281687553913,0.7428323197219809,0.7505513257893242,0.49466718150157085,0.7466918227556525,0.7489139878366637,0.7475628710873319,0.7648567034488657,0.7489139878366637,0.7606604802484427,0.5151569307648696,0.7547872340425532,0.7428323197219809,0.7418794234954187,0.7557434452801987,0.7428323197219809,0.7531336134779948,0.4996918467311833,0.747982966599988,0.7454387489139879,0.7446978601835461,0.7570214479049548,0.7454387489139879,0.7550067866379307,0.5033926796786172,0.7502227677759593,0.0,0.0,0.0,47.09061456666682,13007.995605279952,11185.71203851387
logistic_regression_classifier,0.7428323197219809,0.7425002875172186,0.7513281687553913,0.7428323197219809,0.7505513257893242,0.49466718150157085,0.7466918227556525,0.7454387489139879,0.7444029401966099,0.7590484309747267,0.7454387489139879,0.7560827398415434,0.5056626447598935,0.7507607443777656,0.741094700260643,0.7401961474941493,0.7535542801315294,0.741094700260643,0.751167529235629,0.49572398095272124,0.746131114748136,0.7497827975673328,0.7489716073442234,0.7620642961887493,0.7497827975673328,0.7597068066031225,0.5128345434957363,0.7547448020852277,0.0,0.0,0.0,47.09061456666682,13007.995605279952,11185.71203851387
logistic_regression_classifier,0.7428323197219809,0.7425002875172186,0.7513281687553913,0.7428323197219809,0.7505513257893242,0.49466718150157085,0.7466918227556525,0.7471763683753258,0.7458159013370713,0.7630565367272206,0.7471763683753258,0.7589095866467994,0.51163020053207,0.7530429775110625,0.7419635099913119,0.7413210390380709,0.7527106882747476,0.7419635099913119,0.7510746181531993,0.4955193842274478,0.7465190640722557,0.7471763683753258,0.7463280188619763,0.7595933009564915,0.7471763683753258,0.7571880615210189,0.5077926835426534,0.7521822149481725,0.0,0.0,0.0,47.09061456666682,13007.995605279952,11185.71203851387
logistic_regression_classifier,0.7428323197219809,0.7425002875172186,0.7513281687553913,0.7428323197219809,0.7505513257893242,0.49466718150157085,0.7466918227556525,0.741094700260643,0.7401353655460634,0.7539579853923275,0.741094700260643,0.7513827198763516,0.49617712642864176,0.7462387100684973,0.7419635099913119,0.7410378811679447,0.75464746307393,0.7419635099913119,0.752150571356812,0.49770666164948135,0.7470570406740619,0.7515204170286707,0.7505997132421951,0.7646707447195549,0.7515204170286707,0.7618880814862108,0.5172654482438909,0.7567042492574408,0.0,0.0,0.0,47.09061456666682,13007.995605279952,11185.71203851387
logistic_regression_classifier,0.7428323197219809,0.7425002875172186,0.7513281687553913,0.7428323197219809,0.7505513257893242,0.49466718150157085,0.7466918227556525,0.7454387489139879,0.7441388715079876,0.7607999791608249,0.7454387489139879,0.7569435024044336,0.5076014050320101,0.7511911256592108,0.741094700260643,0.7402553437103423,0.7531575624397799,0.741094700260643,0.7509523385949065,0.4952774629440563,0.7460235194277748,0.736750651607298,0.7354064097847108,0.7518111358885463,0.736750651607298,0.7481890343962178,0.4899776322216189,0.742469843001758,0.0,0.0,0.0,47.09061456666682,13007.995605279952,11185.71203851387
logistic_regression_classifier,0.7428323197219809,0.7425002875172186,0.7513281687553913,0.7428323197219809,0.7505513257893242,0.49466718150157085,0.7466918227556525,0.7515204170286707,0.7503511234533813,0.7664092862324331,0.7515204170286707,0.762748844049101,0.5191879774388517,0.7571346305388859,0.7445699391833188,0.743498849143995,0.7583660894140556,0.7445699391833188,0.7553148883610832,0.5041398570170654,0.749942413772201,0.7463075586446568,0.7451137344349207,0.7610264919952182,0.7463075586446568,0.7574961632441715,0.5086223408442645,0.7519018609444141,0.0,0.0,0.0,47.09061456666682,13007.995605279952,11185.71203851387
logistic_regression_classifier,0.7428323197219809,0.7425002875172186,0.7513281687553913,0.7428323197219809,0.7505513257893242,0.49466718150157085,0.7466918227556525,0.7445699391833188,0.743498849143995,0.7583660894140556,0.7445699391833188,0.7553148883610832,0.5041398570170654,0.749942413772201,0.7428323197219809,0.7419397975109671,0.7553376595899928,0.7428323197219809,0.7529184228372723,0.499237026397943,0.7478753712796266,0.738488271068636,0.7379407626056799,0.748441892804481,0.738488271068636,0.7471424496684678,0.4876836858039587,0.742815360368552,0.0,0.0,0.0,47.09061456666682,13007.995605279952,11185.71203851387
logistic_regression_classifier,0.7428323197219809,0.7425002875172186,0.7513281687553913,0.7428323197219809,0.7505513257893242,0.49466718150157085,0.7466918227556525,0.7515204170286707,0.7501486155124543,0.767792226631885,0.7515204170286707,0.7633944159712688,0.520704212362354,0.7574574164999697,0.7480451781059948,0.7469886607202673,0.7619456195718106,0.7480451781059948,0.7588166755643696,0.5111762717264807,0.7534309268351822,0.736750651607298,0.735984476572063,0.7481295151659743,0.736750651607298,0.7462523186297148,0.4858473943866701,0.7415014851185063,0.0,0.0,0.0,47.09061456666682,13007.995605279952,11185.71203851387
logistic_regression_classifier,0.7428323197219809,0.7425002875172186,0.7513281687553913,0.7428323197219809,0.7505513257893242,0.49466718150157085,0.7466918227556525,0.7506516072980017,0.7495746460503666,0.7648479435055981,0.7506516072980017,0.7615506112871956,0.5166943131343089,0.7561011092925987,0.7402258905299739,0.7384470375691706,0.758213572350255,0.7402258905299739,0.7529819654438394,0.5001081883923827,0.7466039279869067,0.7419635099913119,0.7413210390380709,0.7527106882747476,0.7419635099913119,0.7510746181531993,0.4955193842274478,0.7465190640722557,0.0,0.0,0.0,47.09061456666682,13007.995605279952,11185.71203851387
logistic_regression_classifier,0.7428323197219809,0.7425002875172186,0.7513281687553913,0.7428323197219809,0.7505513257893242,0.49466718150157085,0.7466918227556525,0.741094700260643,0.7400729961590873,0.7543687280724004,0.741094700260643,0.7515979105170744,0.49663693478935533,0.7463463053888586,0.7463075586446568,0.7456498079717525,0.7573354509100363,0.7463075586446568,0.7555594474776683,0.5044977303970535,0.7509335030611626,0.7497827975673328,0.7492827683259948,0.7597720415959428,0.7497827975673328,0.7584156627587871,0.51024858387319,0.7540992301630599,0.0,0.0,0.0,47.09061456666682,13007.995605279952,11185.71203851387
logistic_regression_classifier,0.7428323197219809,0.7425002875172186,0.7513281687553913,0.7428323197219809,0.7505513257893242,0.49466718150157085,0.7466918227556525,0.7489139878366637,0.747892319852629,0.7626257722666162,0.7489139878366637,0.7595845270448299,0.5126972814853654,0.7542492574407469,0.7419635099913119,0.7412675603451975,0.7530842585716397,0.7419635099913119,0.7512898087939217,0.4959437086241955,0.7466266593926169,0.7445699391833188,0.7439076833688193,0.7555599187450508,0.7445699391833188,0.7538085538760253,0.5009909309835342,0.7491892465296721,0.0,0.0,0.0,47.09061456666682,13007.995605279952,11185.71203851387
