model_name,Normal_accuracy,Normal_f1_score,Normal_precision,Normal_recall,Normal_specificity,Normal_matthews,Normal_auc,SMOTE_accuracy,SMOTE_f1_score,SMOTE_precision,SMOTE_recall,SMOTE_specificity,SMOTE_matthews,SMOTE_auc,ADASYN_accuracy,ADASYN_f1_score,ADASYN_precision,ADASYN_recall,ADASYNC_specificity,ADASYNC_matthews,ADASYNC_auc,SG_accuracy,SG_f1_score,SG_precision,SG_recall,SG_specificity,SG_matthews,SG_auc,AG_accuracy,AG_f1_score,AG_precision,AG_recall,AG_specificity,AG_matthews,AG_auc,G_accuracy,G_f1_score,G_precision,G_recall,G_specificity,G_matthews,G_auc,Smote_hell,Ada_hell,Gan_hell,SG_hell,AG_hell,Smote_time(ms),Ada_time,Gan_time,SG_time,AG_time
random_forest_classifier,0.7708333333333334,0.7657099525722618,0.7656187070720265,0.7708333333333334,0.6884502487562189,0.4803739601878419,0.729641791044776,0.7630208333333334,0.764528654118063,0.7667104988747915,0.7630208333333334,0.7292776741293533,0.4860702797687592,0.7461492537313433,0.7552083333333334,0.758057729988748,0.7635416666666667,0.7552083333333334,0.7337468905472638,0.47768096516148933,0.7444776119402986,0.765625,0.7597772856752644,0.7599443536943538,0.765625,0.6787332089552239,0.46721071920130686,0.7221791044776119,0.7565104166666666,0.7499477803572908,0.7501217707995441,0.7565104166666666,0.6651910758706467,0.44519400519208746,0.7108507462686566,0.76953125,0.7639323005486314,0.7641233749537171,0.76953125,0.684289645522388,0.47652556503486043,0.7269104477611941,0.0,0.0,0.0,0.0,0.0,5.544622766666665,8.333277293333449,6993.86755497997,8682.657244266682,7942.900773746632
random_forest_classifier,0.765625,0.760385178767086,0.7601282124546908,0.765625,0.682195895522388,0.4683849051565062,0.7239104477611941,0.76171875,0.7633208831326033,0.7656817542043516,0.76171875,0.7285797574626867,0.4837455411437948,0.7451492537313433,0.7526041666666666,0.7548637539032006,0.7586063106749549,0.7526041666666666,0.7236943407960199,0.4676669912165019,0.7381492537313433,0.7591145833333334,0.7526221356475872,0.7529010560920227,0.7591145833333334,0.6683182524875622,0.45124463512037233,0.7137164179104477,0.76953125,0.7639323005486314,0.7641233749537171,0.76953125,0.684289645522388,0.47652556503486043,0.7269104477611941,0.7526041666666666,0.7470732442541465,0.7464019759113519,0.7526041666666666,0.6665600124378109,0.4384122675781669,0.7095820895522387,0.0,0.0,0.0,0.0,0.0,5.544622766666665,8.333277293333449,6993.86755497997,8682.657244266682,7942.900773746632
random_forest_classifier,0.7708333333333334,0.7651155682158141,0.7654728904728905,0.7708333333333334,0.6849875621890548,0.47926291026494394,0.727910447761194,0.7565104166666666,0.7574152271051081,0.7585322278142547,0.7565104166666666,0.7154000310945273,0.46841561157181394,0.735955223880597,0.73828125,0.7412493993698844,0.7466255455284495,0.73828125,0.7125545708955224,0.44070583333569613,0.7254179104477613,0.7578125,0.7511206643151088,0.7514725813177647,0.7578125,0.6658889925373134,0.44792242064325904,0.7118507462686567,0.77734375,0.7710393022845204,0.7723602404927781,0.77734375,0.688477145522388,0.49313485391627515,0.732910447761194,0.7526041666666666,0.7479962998712999,0.7469287452822098,0.7526041666666666,0.6717540422885572,0.4405128886570027,0.712179104477612,0.0,0.0,0.0,0.0,0.0,5.544622766666665,8.333277293333449,6993.86755497997,8682.657244266682,7942.900773746632
random_forest_classifier,0.765625,0.760385178767086,0.7601282124546908,0.765625,0.682195895522388,0.4683849051565062,0.7239104477611941,0.7473958333333334,0.7488174595857152,0.7507428749671657,0.7473958333333334,0.7087832711442786,0.451071199541944,0.728089552238806,0.7513020833333334,0.754122563580338,0.7594017118777826,0.7513020833333334,0.7281904539800995,0.4687186519811486,0.7397462686567164,0.7565104166666666,0.7496160791064638,0.7500429065572719,0.7565104166666666,0.6634597325870647,0.4445955949854582,0.7099850746268657,0.7721354166666666,0.7674716287781226,0.7671371471375371,0.7721354166666666,0.6926108519900498,0.48423501163223814,0.7323731343283582,0.7708333333333334,0.7657099525722618,0.7656187070720265,0.7708333333333334,0.6884502487562189,0.4803739601878419,0.729641791044776,0.0,0.0,0.0,0.0,0.0,5.544622766666665,8.333277293333449,6993.86755497997,8682.657244266682,7942.900773746632
random_forest_classifier,0.7708333333333334,0.7657099525722618,0.7656187070720265,0.7708333333333334,0.6884502487562189,0.4803739601878419,0.729641791044776,0.7552083333333334,0.7574441354410616,0.7611691080541806,0.7552083333333334,0.7268215174129353,0.4732944706796235,0.7410149253731343,0.7513020833333334,0.7538149447455483,0.7581972787592122,0.7513020833333334,0.7247277674129352,0.46649286758683867,0.7380149253731343,0.7591145833333334,0.7522939820037209,0.7528325732992102,0.7591145833333334,0.6665869092039801,0.4506630023518103,0.7128507462686566,0.7643229166666666,0.7582867131330532,0.7585239297167327,0.7643229166666666,0.676303949004975,0.46390982710419104,0.7203134328358208,0.765625,0.7588271454608302,0.7597918344068706,0.765625,0.6735391791044777,0.46556775530034117,0.7195820895522388,0.0,0.0,0.0,0.0,0.0,5.544622766666665,8.333277293333449,6993.86755497997,8682.657244266682,7942.900773746632
random_forest_classifier,0.75,0.7440893374450986,0.743500525210084,0.75,0.6617014925373134,0.43172915870294304,0.7058507462686567,0.76171875,0.7634899234096482,0.7662074556129435,0.76171875,0.7303111007462686,0.4847640042959908,0.7460149253731343,0.7513020833333334,0.7538149447455483,0.7581972787592122,0.7513020833333334,0.7247277674129352,0.46649286758683867,0.7380149253731343,0.7643229166666666,0.7585974372841937,0.7586045600718586,0.7643229166666666,0.6780352922885572,0.46448940000339384,0.7211791044776119,0.76953125,0.7639323005486314,0.7641233749537171,0.76953125,0.684289645522388,0.47652556503486043,0.7269104477611941,0.7669270833333334,0.7612648689164124,0.7613639675127878,0.7669270833333334,0.6811624689054726,0.4705074825191271,0.7240447761194031,0.0,0.0,0.0,0.0,0.0,5.544622766666665,8.333277293333449,6993.86755497997,8682.657244266682,7942.900773746632
random_forest_classifier,0.7643229166666666,0.7589030665494617,0.7587012737875997,0.7643229166666666,0.6797666355721392,0.46508440940864665,0.7220447761194031,0.75390625,0.7562345742492801,0.7601743533321358,0.75390625,0.7261236007462686,0.47102073856171317,0.7400149253731343,0.7408854166666666,0.7431660717370114,0.7467838662675513,0.7408854166666666,0.7087563743781095,0.44178745982740497,0.724820895522388,0.7630208333333334,0.7564729080932784,0.7570414581595774,0.7630208333333334,0.6721433457711443,0.4600403725614647,0.7175820895522388,0.7591145833333334,0.754481338923427,0.7536396234894839,0.7591145833333334,0.6787063121890546,0.4550464717123178,0.7189104477611941,0.77734375,0.771641038374321,0.7723699353528501,0.77734375,0.6919398320895523,0.49408077988652443,0.7346417910447761,0.0,0.0,0.0,0.0,0.0,5.544622766666665,8.333277293333449,6993.86755497997,8682.657244266682,7942.900773746632
random_forest_classifier,0.7591145833333334,0.7519604713143361,0.7527803331370818,0.7591145833333334,0.664855565920398,0.4500967567678596,0.7119850746268657,0.7578125,0.7593534597030752,0.7615627910022117,0.7578125,0.7230233208955225,0.47475261135794167,0.7404179104477613,0.7513020833333334,0.7536550459344576,0.7576127552242381,0.7513020833333334,0.7229964241293533,0.46539696007754866,0.7371492537313433,0.77734375,0.772507313771723,0.7725171661631666,0.77734375,0.6971338619402986,0.495628832894752,0.7372388059701493,0.7630208333333334,0.7564729080932784,0.7570414581595774,0.7630208333333334,0.6721433457711443,0.4600403725614647,0.7175820895522388,0.76171875,0.7559300056519748,0.7558451526309294,0.76171875,0.6749081156716418,0.45847131748766057,0.7183134328358209,0.0,0.0,0.0,0.0,0.0,5.544622766666665,8.333277293333449,6993.86755497997,8682.657244266682,7942.900773746632
random_forest_classifier,0.7708333333333334,0.7659997932175352,0.7657163742690059,0.7708333333333334,0.690181592039801,0.4809534913078986,0.7305074626865672,0.75390625,0.7559059481609308,0.7590456843120399,0.75390625,0.7226609141791044,0.46887797953222926,0.7382835820895522,0.7473958333333334,0.7491844016606989,0.7518034135643057,0.7473958333333334,0.7122459577114428,0.4531744034812862,0.729820895522388,0.76171875,0.7552964909378835,0.7556803413845015,0.76171875,0.6714454291044776,0.45729526504865725,0.7165820895522388,0.7708333333333334,0.7635416666666667,0.7654093706167142,0.7708333333333334,0.6763308457711443,0.4767756635543729,0.7235820895522387,0.7708333333333334,0.7641865422283672,0.7653817767042405,0.7708333333333334,0.6797935323383085,0.47771960535712005,0.7253134328358208,0.0,0.0,0.0,0.0,0.0,5.544622766666665,8.333277293333449,6993.86755497997,8682.657244266682,7942.900773746632
random_forest_classifier,0.7643229166666666,0.7592036479104203,0.7588138383126912,0.7643229166666666,0.6814979788557213,0.4656946599108601,0.7229104477611941,0.7486979166666666,0.7509098082675538,0.7544759765357655,0.7486979166666666,0.7181379042288557,0.4586811448078594,0.7334179104477613,0.76171875,0.7649645410125322,0.7721482694114904,0.76171875,0.7476245335820896,0.4956137338193081,0.7546716417910448,0.7734375,0.7680809620596206,0.7682920824579832,0.7734375,0.6898460820895522,0.48582051501375256,0.731641791044776,0.76953125,0.7636284432295604,0.7640623319711798,0.76953125,0.6825583022388059,0.4759782082171244,0.7260447761194031,0.7643229166666666,0.7582867131330532,0.7585239297167327,0.7643229166666666,0.676303949004975,0.46390982710419104,0.7203134328358208,0.0,0.0,0.0,0.0,0.0,5.544622766666665,8.333277293333449,6993.86755497997,8682.657244266682,7942.900773746632
random_forest_classifier,0.7643229166666666,0.757649787798235,0.7584119067830867,0.7643229166666666,0.672841262437811,0.46279781708451456,0.7185820895522387,0.7721354166666666,0.7736675111923802,0.7759710644364534,0.7721354166666666,0.7410884639303483,0.5063645107388289,0.7566119402985075,0.7447916666666666,0.7467775779376499,0.749782986111111,0.7447916666666666,0.7108501243781095,0.4485998116860685,0.7278208955223882,0.7578125,0.7514479179702164,0.751554205374917,0.7578125,0.6676203358208955,0.44851997179632846,0.7127164179104478,0.7682291666666666,0.7618251518714482,0.7626103350013901,0.7682291666666666,0.6783976990049752,0.4721583244796704,0.723313432835821,0.7682291666666666,0.760854640151515,0.7625924024930999,0.7682291666666666,0.6732036691542289,0.47066478722577215,0.7207164179104477,0.0,0.0,0.0,0.0,0.0,5.544622766666665,8.333277293333449,6993.86755497997,8682.657244266682,7942.900773746632
random_forest_classifier,0.7643229166666666,0.7579708462281799,0.7584596266769802,0.7643229166666666,0.674572605721393,0.4633458949769421,0.7194477611940298,0.75,0.751026751026751,0.7523124357656732,0.75,0.7084477611940297,0.45469671584897564,0.729223880597015,0.7552083333333334,0.7577589163237312,0.7623313196671248,0.7552083333333334,0.7302842039800995,0.4754645071533484,0.7427462686567164,0.7643229166666666,0.7573234881507829,0.758381038241025,0.7643229166666666,0.6711099191542288,0.4622658164453121,0.7177164179104478,0.76171875,0.7539660662686178,0.7555483261293151,0.76171875,0.6645200559701493,0.45513115008584043,0.7131194029850746,0.76953125,0.76236224147954,0.7639900023262699,0.76953125,0.6756329291044776,0.4739541351233992,0.7225820895522388,0.0,0.0,0.0,0.0,0.0,5.544622766666665,8.333277293333449,6993.86755497997,8682.657244266682,7942.900773746632
random_forest_classifier,0.76171875,0.7559300056519748,0.7558451526309294,0.76171875,0.6749081156716418,0.45847131748766057,0.7183134328358209,0.7630208333333334,0.764528654118063,0.7667104988747915,0.7630208333333334,0.7292776741293533,0.4860702797687592,0.7461492537313433,0.7552083333333334,0.7576035341171772,0.7617442019001693,0.7552083333333334,0.7285528606965174,0.47437368645241557,0.7418805970149255,0.7591145833333334,0.7526221356475872,0.7529010560920227,0.7591145833333334,0.6683182524875622,0.45124463512037233,0.7137164179104477,0.7669270833333334,0.7612648689164124,0.7613639675127878,0.7669270833333334,0.6811624689054726,0.4705074825191271,0.7240447761194031,0.7760416666666666,0.7701561391982649,0.7709736507409864,0.7760416666666666,0.6895105721393034,0.49081655066906665,0.732776119402985,0.0,0.0,0.0,0.0,0.0,5.544622766666665,8.333277293333449,6993.86755497997,8682.657244266682,7942.900773746632
random_forest_classifier,0.7630208333333334,0.7564729080932784,0.7570414581595774,0.7630208333333334,0.6721433457711443,0.4600403725614647,0.7175820895522388,0.76171875,0.7629707024653833,0.7646677265486274,0.76171875,0.7251170708955224,0.48174507595714033,0.7434179104477613,0.75,0.7533376313864119,0.7603485838779956,0.75,0.7326865671641792,0.46993296491417064,0.7413432835820896,0.7682291666666666,0.7627494899230601,0.7627828475140056,0.7682291666666666,0.6835917288557214,0.47380021361135044,0.7259104477611941,0.7630208333333334,0.7558166905498647,0.7569691046144156,0.7630208333333334,0.66868065920398,0.4589593061412246,0.7158507462686567,0.7669270833333334,0.7603276906954921,0.7612015735250249,0.7669270833333334,0.6759684390547264,0.46886522445086665,0.7214477611940299,0.0,0.0,0.0,0.0,0.0,5.544622766666665,8.333277293333449,6993.86755497997,8682.657244266682,7942.900773746632
random_forest_classifier,0.7578125,0.7514479179702164,0.751554205374917,0.7578125,0.6676203358208955,0.44851997179632846,0.7127164179104478,0.7630208333333334,0.764528654118063,0.7667104988747915,0.7630208333333334,0.7292776741293533,0.4860702797687592,0.7461492537313433,0.7591145833333334,0.7618464621066101,0.7670674116873825,0.7591145833333334,0.7375719838308458,0.4855263431684201,0.7483432835820896,0.76953125,0.7633195568087725,0.7640181972619375,0.76953125,0.6808269589552238,0.47544715483351196,0.725179104477612,0.78125,0.7760781702644612,0.7765559348739496,0.78125,0.6992276119402985,0.5038509671173558,0.7402388059701493,0.7578125,0.7514479179702164,0.751554205374917,0.7578125,0.6676203358208955,0.44851997179632846,0.7127164179104478,0.0,0.0,0.0,0.0,0.0,5.544622766666665,8.333277293333449,6993.86755497997,8682.657244266682,7942.900773746632
random_forest_classifier,0.7643229166666666,0.7582867131330532,0.7585239297167327,0.7643229166666666,0.676303949004975,0.46390982710419104,0.7203134328358208,0.7669270833333334,0.7676078892023167,0.7684195018132645,0.7669270833333334,0.726177394278607,0.49023186709559785,0.7465522388059702,0.7395833333333334,0.7416097734057652,0.7446469907407408,0.7395833333333334,0.7045957711442786,0.43731428183233095,0.722089552238806,0.7643229166666666,0.7582867131330532,0.7585239297167327,0.7643229166666666,0.676303949004975,0.46390982710419104,0.7203134328358208,0.765625,0.7606816066997518,0.7602440708252112,0.765625,0.6839272388059702,0.4689950517415794,0.724776119402985,0.7669270833333334,0.7615671210627273,0.7614511714753428,0.7669270833333334,0.6828938121890546,0.47108670870329344,0.7249104477611941,0.0,0.0,0.0,0.0,0.0,5.544622766666665,8.333277293333449,6993.86755497997,8682.657244266682,7942.900773746632
random_forest_classifier,0.7565104166666666,0.7509109030096649,0.7504515807243708,0.7565104166666666,0.670385105721393,0.4470775115247063,0.7134477611940298,0.76171875,0.7633208831326033,0.7656817542043516,0.76171875,0.7285797574626867,0.4837455411437948,0.7451492537313433,0.7513020833333334,0.754122563580338,0.7594017118777826,0.7513020833333334,0.7281904539800995,0.4687186519811486,0.7397462686567164,0.7669270833333334,0.7609575781813068,0.7612931308439562,0.7669270833333334,0.6794311256218905,0.46994401766065774,0.723179104477612,0.7643229166666666,0.7589030665494617,0.7587012737875997,0.7643229166666666,0.6797666355721392,0.46508440940864665,0.7220447761194031,0.7591145833333334,0.7532625740197559,0.7530857451900003,0.7591145833333334,0.6717809390547264,0.45245323497192724,0.7154477611940298,0.0,0.0,0.0,0.0,0.0,5.544622766666665,8.333277293333449,6993.86755497997,8682.657244266682,7942.900773746632
random_forest_classifier,0.7708333333333334,0.7648109331331082,0.7654252377792524,0.7708333333333334,0.6832562189054726,0.47873181384828434,0.727044776119403,0.76171875,0.7633208831326033,0.7656817542043516,0.76171875,0.7285797574626867,0.4837455411437948,0.7451492537313433,0.7486979166666666,0.7513945534056975,0.7562363952690386,0.7486979166666666,0.7233319340796021,0.46199064859903816,0.7360149253731343,0.7669270833333334,0.7615671210627273,0.7614511714753428,0.7669270833333334,0.6828938121890546,0.47108670870329344,0.7249104477611941,0.7643229166666666,0.7589030665494617,0.7587012737875997,0.7643229166666666,0.6797666355721392,0.46508440940864665,0.7220447761194031,0.7604166666666666,0.7544390031347147,0.7544158169158169,0.7604166666666666,0.6724788557213931,0.4551585281376697,0.7164477611940298,0.0,0.0,0.0,0.0,0.0,5.544622766666665,8.333277293333449,6993.86755497997,8682.657244266682,7942.900773746632
random_forest_classifier,0.7591145833333334,0.7535749575229306,0.7532014784121137,0.7591145833333334,0.6735122823383084,0.4530798108193531,0.7163134328358208,0.7552083333333334,0.7574441354410616,0.7611691080541806,0.7552083333333334,0.7268215174129353,0.4732944706796235,0.7410149253731343,0.7486979166666666,0.7519837952769034,0.7587468207461437,0.7486979166666666,0.7302573072139303,0.46655935122656245,0.7394776119402986,0.7643229166666666,0.7573234881507829,0.758381038241025,0.7643229166666666,0.6711099191542288,0.4622658164453121,0.7177164179104478,0.7747395833333334,0.7683613993872633,0.7695705737508399,0.7747395833333334,0.6853499689054726,0.487067446549923,0.730044776119403,0.7747395833333334,0.7695592846025242,0.7697008645385717,0.7747395833333334,0.6922753420398009,0.4890936065872338,0.7335074626865671,0.0,0.0,0.0,0.0,0.0,5.544622766666665,8.333277293333449,6993.86755497997,8682.657244266682,7942.900773746632
random_forest_classifier,0.77734375,0.7722233391157897,0.7724507622263147,0.77734375,0.6954025186567164,0.49509590588188057,0.7363731343283582,0.7578125,0.7593534597030752,0.7615627910022117,0.7578125,0.7230233208955225,0.47475261135794167,0.7404179104477613,0.7630208333333334,0.7657792917976177,0.7712045940170941,0.7630208333333334,0.7431284203980099,0.49447853756277244,0.7530746268656716,0.765625,0.7594657270679516,0.7598768248175182,0.765625,0.6770018656716418,0.46664707702750197,0.7213134328358208,0.7578125,0.7511206643151088,0.7514725813177647,0.7578125,0.6658889925373134,0.44792242064325904,0.7118507462686567,0.7682291666666666,0.7618251518714482,0.7626103350013901,0.7682291666666666,0.6783976990049752,0.4721583244796704,0.723313432835821,0.0,0.0,0.0,0.0,0.0,5.544622766666665,8.333277293333449,6993.86755497997,8682.657244266682,7942.900773746632
random_forest_classifier,0.7682291666666666,0.7627494899230601,0.7627828475140056,0.7682291666666666,0.6835917288557214,0.47380021361135044,0.7259104477611941,0.75390625,0.7562345742492801,0.7601743533321358,0.75390625,0.7261236007462686,0.47102073856171317,0.7400149253731343,0.74609375,0.747427797709015,0.7491956117050428,0.74609375,0.7063540111940299,0.44771660532726565,0.7262238805970149,0.7643229166666666,0.7579708462281799,0.7584596266769802,0.7643229166666666,0.674572605721393,0.4633458949769421,0.7194477611940298,0.7643229166666666,0.7582867131330532,0.7585239297167327,0.7643229166666666,0.676303949004975,0.46390982710419104,0.7203134328358208,0.7721354166666666,0.7671858474272019,0.7670358350229765,0.7721354166666666,0.6908795087064675,0.48365516370119527,0.7315074626865672,0.0,0.0,0.0,0.0,0.0,5.544622766666665,8.333277293333449,6993.86755497997,8682.657244266682,7942.900773746632
random_forest_classifier,0.76953125,0.7633195568087725,0.7640181972619375,0.76953125,0.6808269589552238,0.47544715483351196,0.725179104477612,0.7526041666666666,0.7548637539032006,0.7586063106749549,0.7526041666666666,0.7236943407960199,0.4676669912165019,0.7381492537313433,0.7526041666666666,0.7546985747374131,0.7580407168277786,0.7526041666666666,0.7219629975124379,0.46659183804533777,0.7372835820895524,0.7734375,0.7677847094860889,0.7682371588621589,0.7734375,0.6881147388059702,0.4852890057967625,0.730776119402985,0.7708333333333334,0.7668404396598006,0.7661056691955568,0.7708333333333334,0.6953756218905472,0.4827857617020715,0.7331044776119404,0.76171875,0.7552964909378835,0.7556803413845015,0.76171875,0.6714454291044776,0.45729526504865725,0.7165820895522388,0.0,0.0,0.0,0.0,0.0,5.544622766666665,8.333277293333449,6993.86755497997,8682.657244266682,7942.900773746632
random_forest_classifier,0.7591145833333334,0.7529449830365461,0.7529855274622856,0.7591145833333334,0.6700495957711442,0.4518414459912577,0.7145820895522388,0.7513020833333334,0.7527936247278445,0.7548668157201316,0.7513020833333334,0.7143397077114427,0.4600873188077327,0.732820895522388,0.75390625,0.7566971964224286,0.7619569451476492,0.75390625,0.7313176305970149,0.47432121571023905,0.7426119402985075,0.7708333333333334,0.7651155682158141,0.7654728904728905,0.7708333333333334,0.6849875621890548,0.47926291026494394,0.727910447761194,0.7747395833333334,0.7689701733260675,0.7696007342256267,0.7747395833333334,0.6888126554726369,0.4880465893300578,0.731776119402985,0.7682291666666666,0.763047565669674,0.7628734597633587,0.7682291666666666,0.6853230721393034,0.4743794326721741,0.726776119402985,0.0,0.0,0.0,0.0,0.0,5.544622766666665,8.333277293333449,6993.86755497997,8682.657244266682,7942.900773746632
random_forest_classifier,0.7721354166666666,0.7668952300892585,0.7669509668508286,0.7721354166666666,0.6891481654228856,0.48309130729258704,0.730641791044776,0.7591145833333334,0.760559270024352,0.7625930825227982,0.7591145833333334,0.723721237562189,0.47707624730528086,0.7414179104477613,0.7486979166666666,0.7513945534056975,0.7562363952690386,0.7486979166666666,0.7233319340796021,0.46199064859903816,0.7360149253731343,0.7604166666666666,0.7541205210027949,0.7543284118557841,0.7604166666666666,0.6707475124378109,0.4545623402067196,0.7155820895522387,0.7604166666666666,0.7541205210027949,0.7543284118557841,0.7604166666666666,0.6707475124378109,0.4545623402067196,0.7155820895522387,0.7643229166666666,0.7582867131330532,0.7585239297167327,0.7643229166666666,0.676303949004975,0.46390982710419104,0.7203134328358208,0.0,0.0,0.0,0.0,0.0,5.544622766666665,8.333277293333449,6993.86755497997,8682.657244266682,7942.900773746632
random_forest_classifier,0.7552083333333334,0.7497356311567343,0.7491472232200199,0.7552083333333334,0.6696871890547264,0.4444067950938348,0.7124477611940297,0.7591145833333334,0.760009716654786,0.7611179556321855,0.7591145833333334,0.7185272077114427,0.4741045101373012,0.738820895522388,0.75,0.7521164544714911,0.7554754003751262,0.75,0.7188358208955224,0.46095681270223143,0.7344179104477613,0.76953125,0.7633195568087725,0.7640181972619375,0.76953125,0.6808269589552238,0.47544715483351196,0.725179104477612,0.765625,0.7591490299823634,0.7598258965804837,0.765625,0.6752705223880597,0.46609934852056756,0.7204477611940299,0.7669270833333334,0.7612648689164124,0.7613639675127878,0.7669270833333334,0.6811624689054726,0.4705074825191271,0.7240447761194031,0.0,0.0,0.0,0.0,0.0,5.544622766666665,8.333277293333449,6993.86755497997,8682.657244266682,7942.900773746632
random_forest_classifier,0.76953125,0.7636284432295604,0.7640623319711798,0.76953125,0.6825583022388059,0.4759782082171244,0.7260447761194031,0.76171875,0.7624147694079552,0.7632404803614236,0.76171875,0.7199230410447761,0.4788359571152897,0.7408208955223881,0.7552083333333334,0.7577589163237312,0.7623313196671248,0.7552083333333334,0.7302842039800995,0.4754645071533484,0.7427462686567164,0.7630208333333334,0.7574180177864998,0.757273612570028,0.7630208333333334,0.6773373756218906,0.4617799122089483,0.7201791044776119,0.7630208333333334,0.7567931240353731,0.7571026183366513,0.7630208333333334,0.6738746890547264,0.4606047086171108,0.7184477611940299,0.7682291666666666,0.7624464269455392,0.762708622083622,0.7682291666666666,0.6818603855721393,0.4732368147331254,0.7250447761194031,0.0,0.0,0.0,0.0,0.0,5.544622766666665,8.333277293333449,6993.86755497997,8682.657244266682,7942.900773746632
random_forest_classifier,0.7747395833333334,0.7683613993872633,0.7695705737508399,0.7747395833333334,0.6853499689054726,0.487067446549923,0.730044776119403,0.7630208333333334,0.7638077660499684,0.7647643086485213,0.7630208333333334,0.7223523009950249,0.48215984737603096,0.7426865671641791,0.7526041666666666,0.755024848309913,0.7591837631677144,0.7526041666666666,0.725425684079602,0.46875356132598933,0.7390149253731344,0.7591145833333334,0.7529449830365461,0.7529855274622856,0.7591145833333334,0.6700495957711442,0.4518414459912577,0.7145820895522388,0.765625,0.7594657270679516,0.7598768248175182,0.765625,0.6770018656716418,0.46664707702750197,0.7213134328358208,0.7630208333333334,0.7577227918644981,0.7573829651460232,0.7630208333333334,0.6790687189054726,0.46239037764083835,0.721044776119403,0.0,0.0,0.0,0.0,0.0,5.544622766666665,8.333277293333449,6993.86755497997,8682.657244266682,7942.900773746632
random_forest_classifier,0.7591145833333334,0.7522939820037209,0.7528325732992102,0.7591145833333334,0.6665869092039801,0.4506630023518103,0.7128507462686566,0.75390625,0.7557354946689809,0.7584992565937688,0.75390625,0.7209295708955223,0.4678238801393148,0.7374179104477613,0.7408854166666666,0.7428114467678687,0.7456522582284778,0.7408854166666666,0.7052936878109453,0.43959033987818813,0.723089552238806,0.7669270833333334,0.7609575781813068,0.7612931308439562,0.7669270833333334,0.6794311256218905,0.46994401766065774,0.723179104477612,0.765625,0.7585000236207454,0.7597749164951585,0.765625,0.6718078358208955,0.46505252884756637,0.7187164179104477,0.76171875,0.7556158480847998,0.7557547285895092,0.76171875,0.6731767723880596,0.45787563654772434,0.7174477611940299,0.0,0.0,0.0,0.0,0.0,5.544622766666665,8.333277293333449,6993.86755497997,8682.657244266682,7942.900773746632
random_forest_classifier,0.77734375,0.7707310302418998,0.7723828010008832,0.77734375,0.6867458022388059,0.4926884656389434,0.7320447761194031,0.7591145833333334,0.760559270024352,0.7625930825227982,0.7591145833333334,0.723721237562189,0.47707624730528086,0.7414179104477613,0.7486979166666666,0.7513945534056975,0.7562363952690386,0.7486979166666666,0.7233319340796021,0.46199064859903816,0.7360149253731343,0.77734375,0.7710393022845204,0.7723602404927781,0.77734375,0.688477145522388,0.49313485391627515,0.732910447761194,0.765625,0.7585000236207454,0.7597749164951585,0.765625,0.6718078358208955,0.46505252884756637,0.7187164179104477,0.7669270833333334,0.7615671210627273,0.7614511714753428,0.7669270833333334,0.6828938121890546,0.47108670870329344,0.7249104477611941,0.0,0.0,0.0,0.0,0.0,5.544622766666665,8.333277293333449,6993.86755497997,8682.657244266682,7942.900773746632
random_forest_classifier,0.76171875,0.7543067242415583,0.7555559520788394,0.76171875,0.6662513992537313,0.45564812145538613,0.7139850746268658,0.7552083333333334,0.7569415851144917,0.7595159422182244,0.7552083333333334,0.7216274875621891,0.4701265048194613,0.7384179104477613,0.7486979166666666,0.7510755176196353,0.7550511571163403,0.7486979166666666,0.7198692475124379,0.4597731815933842,0.7342835820895522,0.765625,0.7594657270679516,0.7598768248175182,0.765625,0.6770018656716418,0.46664707702750197,0.7213134328358208,0.7721354166666666,0.7671858474272019,0.7670358350229765,0.7721354166666666,0.6908795087064675,0.48365516370119527,0.7315074626865672,0.7578125,0.7520865456499393,0.7517643776260504,0.7578125,0.6710830223880597,0.4497596108065462,0.7144477611940299,0.0,0.0,0.0,0.0,0.0,5.544622766666665,8.333277293333449,6993.86755497997,8682.657244266682,7942.900773746632
simple_vector_classifier,0.7591145833333334,0.7436182425786143,0.7560442168196758,0.7591145833333334,0.6284973569651742,0.44225017321642457,0.6938059701492537,0.73046875,0.7339929824990622,0.7408949784017279,0.73046875,0.7083670708955223,0.4274782812328884,0.7194179104477612,0.72265625,0.7276035118982688,0.740417715749262,0.72265625,0.716298973880597,0.42347626829415924,0.7194776119402985,0.7408854166666666,0.7275291795007336,0.7330233366621567,0.7408854166666666,0.6187265236318408,0.3993720182443559,0.6798059701492538,0.7421875,0.7282205164418901,0.7347123473793925,0.7421875,0.6176930970149254,0.40187916976866633,0.6799402985074627,0.7434895833333334,0.728903487698651,0.736470745448499,0.7434895833333334,0.61665967039801,0.4044609339211691,0.6800746268656715,0.0,0.0,0.0,0.0,0.0,4.979658319999999,7.084762093333241,6591.8397620066135,7917.269449626654,7725.7091770932575
simple_vector_classifier,0.7591145833333334,0.7436182425786143,0.7560442168196758,0.7591145833333334,0.6284973569651742,0.44225017321642457,0.6938059701492537,0.7265625,0.7302130343288881,0.7374024736157089,0.7265625,0.7045419776119403,0.41971378350590305,0.7155522388059702,0.71484375,0.7196938034145896,0.7312677934237944,0.71484375,0.7034547574626866,0.4042336251653653,0.7091492537313433,0.7408854166666666,0.7266173948658213,0.7332774333286629,0.7408854166666666,0.6152638370646767,0.39845654046336476,0.6780746268656715,0.7421875,0.7268186633480068,0.7352379308703103,0.7421875,0.6124990671641791,0.4006462971021111,0.6773432835820896,0.7408854166666666,0.7270766832993952,0.7331408005346685,0.7408854166666666,0.6169951803482587,0.3989058549844347,0.6789402985074627,0.0,0.0,0.0,0.0,0.0,4.979658319999999,7.084762093333241,6591.8397620066135,7917.269449626654,7725.7091770932575
simple_vector_classifier,0.7591145833333334,0.7436182425786143,0.7560442168196758,0.7591145833333334,0.6284973569651742,0.44225017321642457,0.6938059701492537,0.71875,0.7225048353097133,0.7297537701949467,0.71875,0.695160447761194,0.40297405636981387,0.706955223880597,0.7213541666666666,0.726152861886504,0.738002540409808,0.7213541666666666,0.7121383706467661,0.41873441803885386,0.7167462686567164,0.7408854166666666,0.7270766832993952,0.7331408005346685,0.7408854166666666,0.6169951803482587,0.3989058549844347,0.6789402985074627,0.7421875,0.7277601289134439,0.734867255185088,0.7421875,0.6159617537313433,0.4014504487775707,0.6790746268656715,0.7421875,0.7272928702731093,0.7350422808012094,0.7421875,0.6142304104477612,0.4010393644453173,0.6782089552238807,0.0,0.0,0.0,0.0,0.0,4.979658319999999,7.084762093333241,6591.8397620066135,7917.269449626654,7725.7091770932575
simple_vector_classifier,0.7591145833333334,0.7436182425786143,0.7560442168196758,0.7591145833333334,0.6284973569651742,0.44225017321642457,0.6938059701492537,0.73046875,0.7342832000224093,0.7422384519251786,0.73046875,0.7118297574626866,0.42991469546390726,0.7211492537313433,0.71484375,0.7201497704175831,0.734349252411186,0.71484375,0.7103801305970149,0.40958103265040174,0.7126119402985075,0.7395833333333334,0.7254752691332222,0.7317010373238039,0.7395833333333334,0.61456592039801,0.3954789706482629,0.6770746268656715,0.7408854166666666,0.7275291795007336,0.7330233366621567,0.7408854166666666,0.6187265236318408,0.3993720182443559,0.6798059701492538,0.7395833333333334,0.7254752691332222,0.7317010373238039,0.7395833333333334,0.61456592039801,0.3954789706482629,0.6770746268656715,0.0,0.0,0.0,0.0,0.0,4.979658319999999,7.084762093333241,6591.8397620066135,7917.269449626654,7725.7091770932575
simple_vector_classifier,0.7591145833333334,0.7436182425786143,0.7560442168196758,0.7591145833333334,0.6284973569651742,0.44225017321642457,0.6938059701492537,0.73046875,0.7338414675644039,0.7402392961070302,0.73046875,0.7066357276119403,0.4262750007409438,0.7185522388059702,0.7200520833333334,0.7250457983949662,0.7378743777854951,0.7200520833333334,0.7131717972636816,0.4179470303810359,0.7166119402985075,0.7369791666666666,0.7212998484661483,0.7291101298165429,0.7369791666666666,0.6062447139303483,0.3876982935600129,0.6716119402985075,0.7395833333333334,0.723573161073161,0.7323722870597872,0.7395833333333334,0.6076405472636816,0.39377197001538494,0.6736119402985076,0.7434895833333334,0.7279598442483101,0.7368802099763879,0.7434895833333334,0.6131969838308459,0.4037000281122151,0.6783432835820896,0.0,0.0,0.0,0.0,0.0,4.979658319999999,7.084762093333241,6591.8397620066135,7917.269449626654,7725.7091770932575
simple_vector_classifier,0.7591145833333334,0.7436182425786143,0.7560442168196758,0.7591145833333334,0.6284973569651742,0.44225017321642457,0.6938059701492537,0.7330729166666666,0.7367089120632192,0.7441102595853323,0.7330729166666666,0.71322559079602,0.4342683545878495,0.7231492537313433,0.7200520833333334,0.7246910545426042,0.7356110569057442,0.7200520833333334,0.7079777674129352,0.414007248483789,0.7140149253731343,0.7434895833333334,0.728903487698651,0.736470745448499,0.7434895833333334,0.61665967039801,0.4044609339211691,0.6800746268656715,0.7434895833333334,0.728903487698651,0.736470745448499,0.7434895833333334,0.61665967039801,0.4044609339211691,0.6800746268656715,0.7408854166666666,0.7261512388427996,0.733433698912283,0.7408854166666666,0.6135324937810945,0.3980244234103639,0.6772089552238807,0.0,0.0,0.0,0.0,0.0,4.979658319999999,7.084762093333241,6591.8397620066135,7917.269449626654,7725.7091770932575
simple_vector_classifier,0.7591145833333334,0.7436182425786143,0.7560442168196758,0.7591145833333334,0.6284973569651742,0.44225017321642457,0.6938059701492537,0.7278645833333334,0.7312698875408716,0.7376875288335286,0.7278645833333334,0.703508550995025,0.420685654285828,0.7156865671641791,0.7161458333333334,0.7213746192108145,0.7352266953067258,0.7161458333333334,0.7110780472636815,0.4116656777547224,0.7136119402985075,0.7395833333333334,0.723573161073161,0.7323722870597872,0.7395833333333334,0.6076405472636816,0.39377197001538494,0.6736119402985076,0.7369791666666666,0.7212998484661483,0.7291101298165429,0.7369791666666666,0.6062447139303483,0.3876982935600129,0.6716119402985075,0.7395833333333334,0.7230798872776504,0.7325917218158597,0.7395833333333334,0.6059092039800995,0.3933899163138623,0.6727462686567165,0.0,0.0,0.0,0.0,0.0,4.979658319999999,7.084762093333241,6591.8397620066135,7917.269449626654,7725.7091770932575
simple_vector_classifier,0.7591145833333334,0.7436182425786143,0.7560442168196758,0.7591145833333334,0.6284973569651742,0.44225017321642457,0.6938059701492537,0.72265625,0.7262826341657016,0.7332441888255495,0.72265625,0.6989855410447762,0.41072925123559956,0.7108208955223881,0.71484375,0.7202530832247983,0.7351458421190898,0.71484375,0.712111473880597,0.4109415128439613,0.7134776119402986,0.7447916666666666,0.7281277648750276,0.7390752627334686,0.7447916666666666,0.6104322139303483,0.4061319910173188,0.6776119402985076,0.7395833333333334,0.7250102312257009,0.7318389091000013,0.7395833333333334,0.6128345771144278,0.3950261708841473,0.6762089552238807,0.7408854166666666,0.7256781384107498,0.7336100842415103,0.7408854166666666,0.6118011504975125,0.39760986884389715,0.6763432835820895,0.0,0.0,0.0,0.0,0.0,4.979658319999999,7.084762093333241,6591.8397620066135,7917.269449626654,7725.7091770932575
simple_vector_classifier,0.7591145833333334,0.7436182425786143,0.7560442168196758,0.7591145833333334,0.6284973569651742,0.44225017321642457,0.6938059701492537,0.72265625,0.7261267274938068,0.7325839942865254,0.72265625,0.6972541977611941,0.40950696137559633,0.709955223880597,0.7213541666666666,0.7263798190682479,0.7395325845061951,0.7213541666666666,0.7156010572139303,0.4213756158485446,0.7184776119402985,0.7395833333333334,0.7230798872776504,0.7325917218158597,0.7395833333333334,0.6059092039800995,0.3933899163138623,0.6727462686567165,0.73828125,0.7224361862635043,0.7307339912720946,0.73828125,0.6069426305970149,0.39072648967426293,0.6726119402985075,0.7421875,0.7263374294624295,0.7354547374078623,0.7421875,0.610767723880597,0.40027164489872,0.6764776119402984,0.0,0.0,0.0,0.0,0.0,4.979658319999999,7.084762093333241,6591.8397620066135,7917.269449626654,7725.7091770932575
simple_vector_classifier,0.7591145833333334,0.7436182425786143,0.7560442168196758,0.7591145833333334,0.6284973569651742,0.44225017321642457,0.6938059701492537,0.7239583333333334,0.7274906542282061,0.7341883129159105,0.7239583333333334,0.6996834577114428,0.41291001107864156,0.711820895522388,0.7135416666666666,0.7187082252103484,0.7319024766584311,0.7135416666666666,0.706219527363184,0.40479463793293036,0.7098805970149253,0.7421875,0.728674108560587,0.7345770747884566,0.7421875,0.6194244402985075,0.40232516404785823,0.6808059701492538,0.7434895833333334,0.7293649587365166,0.7362972012049881,0.7434895833333334,0.6183910136815921,0.40486871511502565,0.6809402985074627,0.7421875,0.7272928702731093,0.7350422808012094,0.7421875,0.6142304104477612,0.4010393644453173,0.6782089552238807,0.0,0.0,0.0,0.0,0.0,4.979658319999999,7.084762093333241,6591.8397620066135,7917.269449626654,7725.7091770932575
simple_vector_classifier,0.7591145833333334,0.7436182425786143,0.7560442168196758,0.7591145833333334,0.6284973569651742,0.44225017321642457,0.6938059701492537,0.7239583333333334,0.7274906542282061,0.7341883129159105,0.7239583333333334,0.6996834577114428,0.41291001107864156,0.711820895522388,0.71484375,0.7196938034145896,0.7312677934237944,0.71484375,0.7034547574626866,0.4042336251653653,0.7091492537313433,0.7395833333333334,0.7245382528011204,0.7319964096749811,0.7395833333333334,0.6111032338308457,0.39459049024318155,0.6753432835820895,0.7395833333333334,0.7245382528011204,0.7319964096749811,0.7395833333333334,0.6111032338308457,0.39459049024318155,0.6753432835820895,0.7434895833333334,0.7269880745296596,0.7373764896131864,0.7434895833333334,0.6097342972636816,0.4030147323581018,0.6766119402985075,0.0,0.0,0.0,0.0,0.0,4.979658319999999,7.084762093333241,6591.8397620066135,7917.269449626654,7725.7091770932575
simple_vector_classifier,0.7591145833333334,0.7436182425786143,0.7560442168196758,0.7591145833333334,0.6284973569651742,0.44225017321642457,0.6938059701492537,0.7317708333333334,0.7356364211532581,0.7438546215429404,0.7317708333333334,0.7142590174129353,0.4333140173208411,0.7230149253731343,0.7213541666666666,0.7265900401242712,0.7411058357548083,0.7213541666666666,0.7190637437810944,0.42405613047306395,0.7202089552238805,0.7395833333333334,0.7240592559070776,0.7321740303434267,0.7395833333333334,0.6093718905472637,0.394172295331062,0.6744776119402985,0.7421875,0.7277601289134439,0.734867255185088,0.7421875,0.6159617537313433,0.4014504487775707,0.6790746268656715,0.7421875,0.7263374294624295,0.7354547374078623,0.7421875,0.610767723880597,0.40027164489872,0.6764776119402984,0.0,0.0,0.0,0.0,0.0,4.979658319999999,7.084762093333241,6591.8397620066135,7917.269449626654,7725.7091770932575
simple_vector_classifier,0.7591145833333334,0.7436182425786143,0.7560442168196758,0.7591145833333334,0.6284973569651742,0.44225017321642457,0.6938059701492537,0.7317708333333334,0.7354962384259259,0.7431727013928101,0.7317708333333334,0.7125276741293533,0.4320887702712726,0.7221492537313433,0.72265625,0.7272520679887194,0.7381549516166194,0.72265625,0.7111049440298508,0.4195508283505083,0.7168805970149253,0.7473958333333334,0.7318659662409662,0.7416196381040131,0.7473958333333334,0.6170220771144278,0.41327099466539025,0.6822089552238806,0.7434895833333334,0.7293649587365166,0.7362972012049881,0.7434895833333334,0.6183910136815921,0.40486871511502565,0.6809402985074627,0.7447916666666666,0.729578070788936,0.7383018313971942,0.7447916666666666,0.6156262437810945,0.4071202988731602,0.6802089552238806,0.0,0.0,0.0,0.0,0.0,4.979658319999999,7.084762093333241,6591.8397620066135,7917.269449626654,7725.7091770932575
simple_vector_classifier,0.7591145833333334,0.7436182425786143,0.7560442168196758,0.7591145833333334,0.6284973569651742,0.44225017321642457,0.6938059701492537,0.7291666666666666,0.7334690725605312,0.7434211754602144,0.7291666666666666,0.7163258706467662,0.43149927842192254,0.7227462686567164,0.7213541666666666,0.726152861886504,0.738002540409808,0.7213541666666666,0.7121383706467661,0.41873441803885386,0.7167462686567164,0.7421875,0.7282205164418901,0.7347123473793925,0.7421875,0.6176930970149254,0.40187916976866633,0.6799402985074627,0.7434895833333334,0.7279598442483101,0.7368802099763879,0.7434895833333334,0.6131969838308459,0.4037000281122151,0.6783432835820896,0.7408854166666666,0.7251980152559071,0.7338071006242411,0.7408854166666666,0.6100698072139304,0.397213258893239,0.6754776119402984,0.0,0.0,0.0,0.0,0.0,4.979658319999999,7.084762093333241,6591.8397620066135,7917.269449626654,7725.7091770932575
simple_vector_classifier,0.7591145833333334,0.7436182425786143,0.7560442168196758,0.7591145833333334,0.6284973569651742,0.44225017321642457,0.6938059701492537,0.7239583333333334,0.7277922453703703,0.7355278326745718,0.7239583333333334,0.703146144278607,0.41536724839030964,0.7135522388059702,0.7200520833333334,0.7249317921377988,0.7371093432937931,0.7200520833333334,0.7114404539800995,0.4166241316559139,0.7157462686567164,0.7395833333333334,0.7240592559070776,0.7321740303434267,0.7395833333333334,0.6093718905472637,0.394172295331062,0.6744776119402985,0.7408854166666666,0.7256781384107498,0.7336100842415103,0.7408854166666666,0.6118011504975125,0.39760986884389715,0.6763432835820895,0.7447916666666666,0.7309657637505579,0.7377236574349811,0.7447916666666666,0.6208202736318408,0.40827936888906974,0.6828059701492537,0.0,0.0,0.0,0.0,0.0,4.979658319999999,7.084762093333241,6591.8397620066135,7917.269449626654,7725.7091770932575
simple_vector_classifier,0.7591145833333334,0.7436182425786143,0.7560442168196758,0.7591145833333334,0.6284973569651742,0.44225017321642457,0.6938059701492537,0.7200520833333334,0.723865444358986,0.7313657096643514,0.7200520833333334,0.6975897077114427,0.4063840913008228,0.708820895522388,0.71484375,0.7199303713883608,0.7327877018579615,0.71484375,0.7069174440298506,0.40688855455478923,0.7108805970149253,0.7434895833333334,0.7298196312059338,0.736143771344243,0.7434895833333334,0.6201223569651741,0.40529420465138033,0.6818059701492538,0.7395833333333334,0.723573161073161,0.7323722870597872,0.7395833333333334,0.6076405472636816,0.39377197001538494,0.6736119402985076,0.7395833333333334,0.7245382528011204,0.7319964096749811,0.7395833333333334,0.6111032338308457,0.39459049024318155,0.6753432835820895,0.0,0.0,0.0,0.0,0.0,4.979658319999999,7.084762093333241,6591.8397620066135,7917.269449626654,7725.7091770932575
simple_vector_classifier,0.7591145833333334,0.7436182425786143,0.7560442168196758,0.7591145833333334,0.6284973569651742,0.44225017321642457,0.6938059701492537,0.7200520833333334,0.723865444358986,0.7313657096643514,0.7200520833333334,0.6975897077114427,0.4063840913008228,0.708820895522388,0.7213541666666666,0.7263798190682479,0.7395325845061951,0.7213541666666666,0.7156010572139303,0.4213756158485446,0.7184776119402985,0.7395833333333334,0.7250102312257009,0.7318389091000013,0.7395833333333334,0.6128345771144278,0.3950261708841473,0.6762089552238807,0.7395833333333334,0.7240592559070776,0.7321740303434267,0.7395833333333334,0.6093718905472637,0.394172295331062,0.6744776119402985,0.7408854166666666,0.7270766832993952,0.7331408005346685,0.7408854166666666,0.6169951803482587,0.3989058549844347,0.6789402985074627,0.0,0.0,0.0,0.0,0.0,4.979658319999999,7.084762093333241,6591.8397620066135,7917.269449626654,7725.7091770932575
simple_vector_classifier,0.7591145833333334,0.7436182425786143,0.7560442168196758,0.7591145833333334,0.6284973569651742,0.44225017321642457,0.6938059701492537,0.7213541666666666,0.724429817371559,0.7296999202722643,0.7213541666666666,0.6913622512437811,0.4036891562295705,0.7063582089552238,0.7174479166666666,0.7227054802767833,0.7368929266685592,0.7174479166666666,0.7135073072139303,0.41510153516137943,0.7154776119402986,0.7408854166666666,0.7256781384107498,0.7336100842415103,0.7408854166666666,0.6118011504975125,0.39760986884389715,0.6763432835820895,0.7421875,0.7272928702731093,0.7350422808012094,0.7421875,0.6142304104477612,0.4010393644453173,0.6782089552238807,0.7434895833333334,0.7284351420448125,0.7366649060364915,0.7434895833333334,0.6149283271144279,0.40407123954368795,0.6792089552238807,0.0,0.0,0.0,0.0,0.0,4.979658319999999,7.084762093333241,6591.8397620066135,7917.269449626654,7725.7091770932575
simple_vector_classifier,0.7591145833333334,0.7436182425786143,0.7560442168196758,0.7591145833333334,0.6284973569651742,0.44225017321642457,0.6938059701492537,0.7252604166666666,0.7283762351594308,0.7338493791791164,0.7252604166666666,0.6969186878109452,0.4126930146902437,0.711089552238806,0.71875,0.7235935428387142,0.7354590841990921,0.71875,0.7090111940298507,0.4131981965636121,0.7138805970149253,0.7434895833333334,0.7284351420448125,0.7366649060364915,0.7434895833333334,0.6149283271144279,0.40407123954368795,0.6792089552238807,0.74609375,0.7311921456788754,0.7397197278314728,0.74609375,0.6180555037313433,0.41053261024347876,0.6820746268656716,0.7473958333333334,0.7332599242889298,0.7409239473552613,0.7473958333333334,0.6222161069651742,0.41429900456441743,0.6848059701492537,0.0,0.0,0.0,0.0,0.0,4.979658319999999,7.084762093333241,6591.8397620066135,7917.269449626654,7725.7091770932575
simple_vector_classifier,0.7591145833333334,0.7436182425786143,0.7560442168196758,0.7591145833333334,0.6284973569651742,0.44225017321642457,0.6938059701492537,0.7317708333333334,0.7353518336750043,0.7425016092295506,0.7317708333333334,0.7107963308457711,0.4308736015966292,0.7212835820895522,0.71875,0.7240348068544046,0.7385619897606199,0.71875,0.7159365671641792,0.41853770990570405,0.7173432835820895,0.7395833333333334,0.7245382528011204,0.7319964096749811,0.7395833333333334,0.6111032338308457,0.39459049024318155,0.6753432835820895,0.7421875,0.7263374294624295,0.7354547374078623,0.7421875,0.610767723880597,0.40027164489872,0.6764776119402984,0.7434895833333334,0.7293649587365166,0.7362972012049881,0.7434895833333334,0.6183910136815921,0.40486871511502565,0.6809402985074627,0.0,0.0,0.0,0.0,0.0,4.979658319999999,7.084762093333241,6591.8397620066135,7917.269449626654,7725.7091770932575
simple_vector_classifier,0.7591145833333334,0.7436182425786143,0.7560442168196758,0.7591145833333334,0.6284973569651742,0.44225017321642457,0.6938059701492537,0.7200520833333334,0.7233933067441142,0.7293805697046011,0.7200520833333334,0.6923956778606964,0.4026981752197754,0.7062238805970149,0.7265625,0.7314942149735143,0.744619323071371,0.7265625,0.7218554104477611,0.4324296011256208,0.7242089552238805,0.7421875,0.7263374294624295,0.7354547374078623,0.7421875,0.610767723880597,0.40027164489872,0.6764776119402984,0.7408854166666666,0.7261512388427996,0.733433698912283,0.7408854166666666,0.6135324937810945,0.3980244234103639,0.6772089552238807,0.7434895833333334,0.7269880745296596,0.7373764896131864,0.7434895833333334,0.6097342972636816,0.4030147323581018,0.6766119402985075,0.0,0.0,0.0,0.0,0.0,4.979658319999999,7.084762093333241,6591.8397620066135,7917.269449626654,7725.7091770932575
simple_vector_classifier,0.7591145833333334,0.7436182425786143,0.7560442168196758,0.7591145833333334,0.6284973569651742,0.44225017321642457,0.6938059701492537,0.7265625,0.7302130343288881,0.7374024736157089,0.7265625,0.7045419776119403,0.41971378350590305,0.7155522388059702,0.7200520833333334,0.7249317921377988,0.7371093432937931,0.7200520833333334,0.7114404539800995,0.4166241316559139,0.7157462686567164,0.7395833333333334,0.7254752691332222,0.7317010373238039,0.7395833333333334,0.61456592039801,0.3954789706482629,0.6770746268656715,0.7408854166666666,0.7256781384107498,0.7336100842415103,0.7408854166666666,0.6118011504975125,0.39760986884389715,0.6763432835820895,0.7421875,0.7277601289134439,0.734867255185088,0.7421875,0.6159617537313433,0.4014504487775707,0.6790746268656715,0.0,0.0,0.0,0.0,0.0,4.979658319999999,7.084762093333241,6591.8397620066135,7917.269449626654,7725.7091770932575
simple_vector_classifier,0.7591145833333334,0.7436182425786143,0.7560442168196758,0.7591145833333334,0.6284973569651742,0.44225017321642457,0.6938059701492537,0.7252604166666666,0.7280364049283282,0.7326040882813153,0.7252604166666666,0.693456001243781,0.4103276762802148,0.709358208955224,0.7174479166666666,0.7223730181111737,0.7345659619554504,0.7174479166666666,0.7083132773631841,0.41109027947480453,0.7128805970149255,0.7473958333333334,0.7332599242889298,0.7409239473552613,0.7473958333333334,0.6222161069651742,0.41429900456441743,0.6848059701492537,0.7421875,0.7272928702731093,0.7350422808012094,0.7421875,0.6142304104477612,0.4010393644453173,0.6782089552238807,0.7434895833333334,0.7302675797067565,0.7360099776493292,0.7434895833333334,0.6218537002487562,0.4057370408643374,0.6826716417910448,0.0,0.0,0.0,0.0,0.0,4.979658319999999,7.084762093333241,6591.8397620066135,7917.269449626654,7725.7091770932575
simple_vector_classifier,0.7591145833333334,0.7436182425786143,0.7560442168196758,0.7591145833333334,0.6284973569651742,0.44225017321642457,0.6938059701492537,0.7278645833333334,0.7314228663879421,0.7383447152096685,0.7278645833333334,0.705239894278607,0.4218952712337921,0.7165522388059702,0.7109375,0.7160354872881355,0.7285888318874431,0.7109375,0.7013610074626865,0.39792403492050865,0.7061492537313432,0.73828125,0.722921134776687,0.7305552624465289,0.73828125,0.6086739738805971,0.39114849814410635,0.6734776119402985,0.7395833333333334,0.7250102312257009,0.7318389091000013,0.7395833333333334,0.6128345771144278,0.3950261708841473,0.6762089552238807,0.7434895833333334,0.7293649587365166,0.7362972012049881,0.7434895833333334,0.6183910136815921,0.40486871511502565,0.6809402985074627,0.0,0.0,0.0,0.0,0.0,4.979658319999999,7.084762093333241,6591.8397620066135,7917.269449626654,7725.7091770932575
simple_vector_classifier,0.7591145833333334,0.7436182425786143,0.7560442168196758,0.7591145833333334,0.6284973569651742,0.44225017321642457,0.6938059701492537,0.7252604166666666,0.7292900079046675,0.7378330281485338,0.7252604166666666,0.7073067475124377,0.4200177595997332,0.7162835820895522,0.7174479166666666,0.7224880848916634,0.7353310398217284,0.7174479166666666,0.7100446206467662,0.41241779246791255,0.7137462686567164,0.7447916666666666,0.7300474877450981,0.7380881519274376,0.7447916666666666,0.6173575870646767,0.40748823864745304,0.6810746268656716,0.7447916666666666,0.7291016978516978,0.7385371877559378,0.7447916666666666,0.6138949004975124,0.40677131978205516,0.6793432835820896,0.7434895833333334,0.7279598442483101,0.7368802099763879,0.7434895833333334,0.6131969838308459,0.4037000281122151,0.6783432835820896,0.0,0.0,0.0,0.0,0.0,4.979658319999999,7.084762093333241,6591.8397620066135,7917.269449626654,7725.7091770932575
simple_vector_classifier,0.7591145833333334,0.7436182425786143,0.7560442168196758,0.7591145833333334,0.6284973569651742,0.44225017321642457,0.6938059701492537,0.7265625,0.7300614971128457,0.7367393092105262,0.7265625,0.7028106343283582,0.4184961668091305,0.7146865671641791,0.7278645833333334,0.7328256674614586,0.7462804120118997,0.7278645833333334,0.7242846703980099,0.43585401050656325,0.7260746268656716,0.73828125,0.7233989899869484,0.7303966523760671,0.73828125,0.6104053171641791,0.39158791289955874,0.6743432835820895,0.74609375,0.7316557365545022,0.7395077919847148,0.74609375,0.6197868470149254,0.4108974444319743,0.6829402985074627,0.73828125,0.722921134776687,0.7305552624465289,0.73828125,0.6086739738805971,0.39114849814410635,0.6734776119402985,0.0,0.0,0.0,0.0,0.0,4.979658319999999,7.084762093333241,6591.8397620066135,7917.269449626654,7725.7091770932575
simple_vector_classifier,0.7591145833333334,0.7436182425786143,0.7560442168196758,0.7591145833333334,0.6284973569651742,0.44225017321642457,0.6938059701492537,0.7291666666666666,0.7327824340019462,0.7399520414226296,0.7291666666666666,0.7076691542288557,0.42529369255126614,0.7184179104477613,0.7239583333333334,0.7289370170208812,0.742075953788783,0.7239583333333334,0.7187282338308458,0.42690260848708267,0.7213432835820895,0.7395833333333334,0.7240592559070776,0.7321740303434267,0.7395833333333334,0.6093718905472637,0.394172295331062,0.6744776119402985,0.7395833333333334,0.7250102312257009,0.7318389091000013,0.7395833333333334,0.6128345771144278,0.3950261708841473,0.6762089552238807,0.7434895833333334,0.728903487698651,0.736470745448499,0.7434895833333334,0.61665967039801,0.4044609339211691,0.6800746268656715,0.0,0.0,0.0,0.0,0.0,4.979658319999999,7.084762093333241,6591.8397620066135,7917.269449626654,7725.7091770932575
simple_vector_classifier,0.7591145833333334,0.7436182425786143,0.7560442168196758,0.7591145833333334,0.6284973569651742,0.44225017321642457,0.6938059701492537,0.7161458333333334,0.7205199935882196,0.7299790667059495,0.7161458333333334,0.698958644278607,0.40245475850836177,0.7075522388059702,0.7174479166666666,0.7223730181111737,0.7345659619554504,0.7174479166666666,0.7083132773631841,0.41109027947480453,0.7128805970149255,0.7408854166666666,0.7266173948658213,0.7332774333286629,0.7408854166666666,0.6152638370646767,0.39845654046336476,0.6780746268656715,0.7434895833333334,0.7279598442483101,0.7368802099763879,0.7434895833333334,0.6131969838308459,0.4037000281122151,0.6783432835820896,0.7408854166666666,0.7256781384107498,0.7336100842415103,0.7408854166666666,0.6118011504975125,0.39760986884389715,0.6763432835820895,0.0,0.0,0.0,0.0,0.0,4.979658319999999,7.084762093333241,6591.8397620066135,7917.269449626654,7725.7091770932575
simple_vector_classifier,0.7591145833333334,0.7436182425786143,0.7560442168196758,0.7591145833333334,0.6284973569651742,0.44225017321642457,0.6938059701492537,0.71484375,0.718572285832341,0.7255933992493716,0.71484375,0.6896040111940298,0.39398022123831067,0.7022238805970149,0.72265625,0.7274905661644241,0.7396527246321355,0.72265625,0.7145676305970149,0.4221579838370232,0.7186119402985075,0.7408854166666666,0.7270766832993952,0.7331408005346685,0.7408854166666666,0.6169951803482587,0.3989058549844347,0.6789402985074627,0.7408854166666666,0.7266173948658213,0.7332774333286629,0.7408854166666666,0.6152638370646767,0.39845654046336476,0.6780746268656715,0.73828125,0.723869830995126,0.7302576654523376,0.73828125,0.6121366604477613,0.3920443658117039,0.6752089552238807,0.0,0.0,0.0,0.0,0.0,4.979658319999999,7.084762093333241,6591.8397620066135,7917.269449626654,7725.7091770932575
simple_vector_classifier,0.7591145833333334,0.7436182425786143,0.7560442168196758,0.7591145833333334,0.6284973569651742,0.44225017321642457,0.6938059701492537,0.73046875,0.7339929824990622,0.7408949784017279,0.73046875,0.7083670708955223,0.4274782812328884,0.7194179104477612,0.7239583333333334,0.7287121809342937,0.7405459966205239,0.7239583333333334,0.7152655472636816,0.42427063951409555,0.7196119402985075,0.7395833333333334,0.723573161073161,0.7323722870597872,0.7395833333333334,0.6076405472636816,0.39377197001538494,0.6736119402985076,0.7421875,0.7263374294624295,0.7354547374078623,0.7421875,0.610767723880597,0.40027164489872,0.6764776119402984,0.7434895833333334,0.7284351420448125,0.7366649060364915,0.7434895833333334,0.6149283271144279,0.40407123954368795,0.6792089552238807,0.0,0.0,0.0,0.0,0.0,4.979658319999999,7.084762093333241,6591.8397620066135,7917.269449626654,7725.7091770932575
logistic_regression_classifier,0.7708333333333334,0.7635416666666667,0.7654093706167142,0.7708333333333334,0.6763308457711443,0.4767756635543729,0.7235820895522387,0.7447916666666666,0.7488458568358851,0.7586891126171539,0.7447916666666666,0.7350889303482587,0.4648071830548664,0.7399402985074627,0.7369791666666666,0.741617875820736,0.7540222514180849,0.7369791666666666,0.7326327736318409,0.45323927869746905,0.7348059701492538,0.6236979166666666,0.6086337416878654,0.602908215755438,0.6236979166666666,0.4901229788557215,0.12341980027040653,0.556910447761194,0.63671875,0.6186181563486736,0.6140940124370607,0.63671875,0.495370802238806,0.1461674543049863,0.5660447761194031,0.6315104166666666,0.6178899064702462,0.6127004090311774,0.6315104166666666,0.5029671952736319,0.14490095890967875,0.5672388059701493,0.0,0.0,0.0,0.0,0.0,4.718283333333323,7.0424398733333025,7343.09752304002,8454.852757433566,8486.65982680661
logistic_regression_classifier,0.7708333333333334,0.7635416666666667,0.7654093706167142,0.7708333333333334,0.6763308457711443,0.4767756635543729,0.7235820895522387,0.7447916666666666,0.7484696045924203,0.7565904235338311,0.7447916666666666,0.7298949004975125,0.46115376143996895,0.7373432835820896,0.7265625,0.7312714999820833,0.7430894528312398,0.7265625,0.7183927238805969,0.42980686098933724,0.7224776119402986,0.6171875,0.6009573924030324,0.5947329656211235,0.6171875,0.4797080223880597,0.10558107624081153,0.5484477611940298,0.6236979166666666,0.606833217089138,0.6010788640533405,0.6236979166666666,0.4849289490049751,0.11895837721305635,0.5543134328358209,0.62890625,0.6140505757129469,0.6086768812463258,0.62890625,0.4963773320895523,0.13584917433383065,0.5626417910447761,0.0,0.0,0.0,0.0,0.0,4.718283333333323,7.0424398733333025,7343.09752304002,8454.852757433566,8486.65982680661
logistic_regression_classifier,0.7708333333333334,0.7635416666666667,0.7654093706167142,0.7708333333333334,0.6763308457711443,0.4767756635543729,0.7235820895522387,0.7421875,0.7460336711874188,0.7547321328160144,0.7421875,0.728499067164179,0.4567983064008432,0.7353432835820896,0.7486979166666666,0.7529721646530402,0.764334160063281,0.7486979166666666,0.744108053482587,0.4762358465606948,0.7464029850746269,0.6184895833333334,0.6032169076627839,0.5971395502645502,0.6184895833333334,0.48386862562189054,0.11099042620698243,0.551179104477612,0.6263020833333334,0.6113421587004061,0.6057925485008818,0.6263020833333334,0.4932501554726369,0.12963448730211857,0.5597761194029851,0.625,0.6096946125036012,0.6040492957746478,0.625,0.49082089552238806,0.12579116869106624,0.557910447761194,0.0,0.0,0.0,0.0,0.0,4.718283333333323,7.0424398733333025,7343.09752304002,8454.852757433566,8486.65982680661
logistic_regression_classifier,0.7708333333333334,0.7635416666666667,0.7654093706167142,0.7708333333333334,0.6763308457711443,0.4767756635543729,0.7235820895522387,0.7473958333333334,0.7516374429518642,0.7626906622023809,0.7473958333333334,0.7416787935323382,0.47283926685656075,0.7445373134328358,0.7434895833333334,0.7479607583774249,0.759999775338876,0.7434895833333334,0.7395850435323382,0.4664288012858979,0.7415373134328358,0.6236979166666666,0.6114546073859594,0.6059469756594938,0.6236979166666666,0.49877969527363186,0.13077968406766602,0.5612388059701493,0.6354166666666666,0.6216640648230746,0.6167127311917675,0.6354166666666666,0.5067922885572139,0.15347042975536102,0.5711044776119403,0.6263020833333334,0.6107552595066067,0.605196962772268,0.6263020833333334,0.4915188121890548,0.12817167123634243,0.558910447761194,0.0,0.0,0.0,0.0,0.0,4.718283333333323,7.0424398733333025,7343.09752304002,8454.852757433566,8486.65982680661
logistic_regression_classifier,0.7708333333333334,0.7635416666666667,0.7654093706167142,0.7708333333333334,0.6763308457711443,0.4767756635543729,0.7235820895522387,0.7526041666666666,0.7557699259592413,0.7622492721566848,0.7526041666666666,0.7340824004975124,0.47435772411402,0.7433432835820897,0.7395833333333334,0.7437202620774337,0.7535998002315075,0.7395833333333334,0.7288345771144279,0.45370454817721845,0.7342089552238806,0.6328125,0.6200625297288727,0.614976820054945,0.6328125,0.5071277985074627,0.1500961367065235,0.5699701492537314,0.6315104166666666,0.6173288403456835,0.6121304964616301,0.6315104166666666,0.5012358519900498,0.14348367075146573,0.5663731343283582,0.6315104166666666,0.6173288403456835,0.6121304964616301,0.6315104166666666,0.5012358519900498,0.14348367075146573,0.5663731343283582,0.0,0.0,0.0,0.0,0.0,4.718283333333323,7.0424398733333025,7343.09752304002,8454.852757433566,8486.65982680661
logistic_regression_classifier,0.7708333333333334,0.7635416666666667,0.7654093706167142,0.7708333333333334,0.6763308457711443,0.4767756635543729,0.7235820895522387,0.7395833333333334,0.743596324392862,0.7528871694866112,0.7395833333333334,0.7271032338308459,0.45246495717817686,0.7333432835820894,0.7356770833333334,0.7402844362975497,0.7523696313238483,0.7356770833333334,0.730203513681592,0.4498272447425699,0.7329402985074627,0.625,0.6141234327373283,0.6088633923778851,0.625,0.5046716417910447,0.1374678037673112,0.5648358208955224,0.6263020833333334,0.6089396366173973,0.6034075336036645,0.6263020833333334,0.4863247823383084,0.12376043309688345,0.5563134328358209,0.63671875,0.6232907558487587,0.618417639604904,0.63671875,0.5092215485074627,0.1572521172273961,0.5729701492537314,0.0,0.0,0.0,0.0,0.0,4.718283333333323,7.0424398733333025,7343.09752304002,8454.852757433566,8486.65982680661
logistic_regression_classifier,0.7708333333333334,0.7635416666666667,0.7654093706167142,0.7708333333333334,0.6763308457711443,0.4767756635543729,0.7235820895522387,0.7513020833333334,0.7549497227952204,0.7632995416657872,0.7513020833333334,0.738578513681592,0.4756684461245754,0.7449402985074627,0.7486979166666666,0.7531806469312952,0.7658510953869305,0.7486979166666666,0.7475707400497512,0.47876864742539255,0.7481343283582089,0.6223958333333334,0.6063865435268007,0.6005421539961013,0.6223958333333334,0.48596237562189054,0.1180712590123678,0.554179104477612,0.6354166666666666,0.6193734988848859,0.6145179225536368,0.6354166666666666,0.4998669154228856,0.14790111336011472,0.5676417910447762,0.6263020833333334,0.6095540944795246,0.6040045923390164,0.6263020833333334,0.4880561256218905,0.12523482910228603,0.557179104477612,0.0,0.0,0.0,0.0,0.0,4.718283333333323,7.0424398733333025,7343.09752304002,8454.852757433566,8486.65982680661
logistic_regression_classifier,0.7708333333333334,0.7635416666666667,0.7654093706167142,0.7708333333333334,0.6763308457711443,0.4767756635543729,0.7235820895522387,0.7591145833333334,0.7623958474716855,0.7695993594272942,0.7591145833333334,0.7444973569651742,0.4900368811619028,0.7518059701492538,0.7356770833333334,0.740057135219296,0.7508744251709943,0.7356770833333334,0.7267408271144279,0.4472687276841046,0.7312089552238805,0.609375,0.5940406570595983,0.587384765420005,0.609375,0.47378917910447765,0.09003363900085433,0.5415820895522389,0.6171875,0.5984393608574831,0.5921399790566381,0.6171875,0.4727826492537313,0.09938254646935461,0.5449850746268656,0.6263020833333334,0.6083157974321473,0.6028097031797738,0.6263020833333334,0.48459343905472635,0.122281799178471,0.5554477611940298,0.0,0.0,0.0,0.0,0.0,4.718283333333323,7.0424398733333025,7343.09752304002,8454.852757433566,8486.65982680661
logistic_regression_classifier,0.7708333333333334,0.7635416666666667,0.7654093706167142,0.7708333333333334,0.6763308457711443,0.4767756635543729,0.7235820895522387,0.7395833333333334,0.7434683547347665,0.7521859536662169,0.7395833333333334,0.7253718905472638,0.45123607435943264,0.7324776119402986,0.7330729166666666,0.7379390518162632,0.7513672836616808,0.7330729166666666,0.7305390236318408,0.44690358732273283,0.7318059701492537,0.6080729166666666,0.5929893319577765,0.5862888621270906,0.6080729166666666,0.47309126243781097,0.08772927833893307,0.5405820895522389,0.6276041666666666,0.6146733457533956,0.6092963026556776,0.6276041666666666,0.5008734452736319,0.13780157260769563,0.5642388059701493,0.6028645833333334,0.5893665877781143,0.582665122769927,0.6028645833333334,0.4720309390547264,0.08021012745885553,0.5374477611940298,0.0,0.0,0.0,0.0,0.0,4.718283333333323,7.0424398733333025,7343.09752304002,8454.852757433566,8486.65982680661
logistic_regression_classifier,0.7708333333333334,0.7635416666666667,0.7654093706167142,0.7708333333333334,0.6763308457711443,0.4767756635543729,0.7235820895522387,0.75,0.7536028779680852,0.7616847443301874,0.75,0.7361492537313433,0.47228965908762005,0.7430746268656716,0.734375,0.739165808831414,0.752249430919135,0.734375,0.7312369402985075,0.44901057904123504,0.7328059701492537,0.6028645833333334,0.5869664055875395,0.5798335537918872,0.6028645833333334,0.465105565920398,0.07370230401671012,0.5339850746268657,0.6236979166666666,0.6062144772906892,0.6004672129608771,0.6236979166666666,0.483197605721393,0.11746252608532723,0.5534477611940298,0.6223958333333334,0.6075726351576118,0.6017735994005761,0.6223958333333334,0.48942506218905474,0.12105743420574312,0.555910447761194,0.0,0.0,0.0,0.0,0.0,4.718283333333323,7.0424398733333025,7343.09752304002,8454.852757433566,8486.65982680661
logistic_regression_classifier,0.7708333333333334,0.7635416666666667,0.7654093706167142,0.7708333333333334,0.6763308457711443,0.4767756635543729,0.7235820895522387,0.7473958333333334,0.7516374429518642,0.7626906622023809,0.7473958333333334,0.7416787935323382,0.47283926685656075,0.7445373134328358,0.7265625,0.7315994038269312,0.7454008453436808,0.7265625,0.7235867537313432,0.43375617807023575,0.7250746268656716,0.6028645833333334,0.5863426973850697,0.5791172562431373,0.6028645833333334,0.4633742226368159,0.07205800316023406,0.5331194029850747,0.6315104166666666,0.615592590082628,0.6104241027111281,0.6315104166666666,0.4960418221393035,0.13921605335577575,0.5637761194029851,0.6276041666666666,0.6106095371109338,0.6051726370080344,0.6276041666666666,0.48875404228855723,0.12764171059188026,0.558179104477612,0.0,0.0,0.0,0.0,0.0,4.718283333333323,7.0424398733333025,7343.09752304002,8454.852757433566,8486.65982680661
logistic_regression_classifier,0.7708333333333334,0.7635416666666667,0.7654093706167142,0.7708333333333334,0.6763308457711443,0.4767756635543729,0.7235820895522387,0.7473958333333334,0.7514086542151107,0.7612337688099773,0.7473958333333334,0.7382161069651741,0.47035850049369043,0.7428059701492538,0.72265625,0.7278168999951836,0.7419802751833054,0.72265625,0.7197616604477611,0.4261425401833348,0.7212089552238805,0.6171875,0.5984393608574831,0.5921399790566381,0.6171875,0.4727826492537313,0.09938254646935461,0.5449850746268656,0.6276041666666666,0.6112172167181334,0.6057621693782408,0.6276041666666666,0.49048538557213933,0.12910344317136227,0.5590447761194031,0.6419270833333334,0.6240859964010224,0.6200355418025971,0.6419270833333334,0.5016251554726369,0.1588518164412834,0.5717761194029851,0.0,0.0,0.0,0.0,0.0,4.718283333333323,7.0424398733333025,7343.09752304002,8454.852757433566,8486.65982680661
logistic_regression_classifier,0.7708333333333334,0.7635416666666667,0.7654093706167142,0.7708333333333334,0.6763308457711443,0.4767756635543729,0.7235820895522387,0.7447916666666666,0.7487243979050048,0.7579778589934248,0.7447916666666666,0.7333575870646767,0.463578334660358,0.7390746268656716,0.7447916666666666,0.7487243979050048,0.7579778589934248,0.7447916666666666,0.7333575870646767,0.463578334660358,0.7390746268656716,0.6158854166666666,0.6033879210341108,0.597478974689504,0.6158854166666666,0.4893981654228856,0.11242016712324107,0.5526417910447761,0.6302083333333334,0.6156918220164198,0.6104068997889188,0.6302083333333334,0.498806592039801,0.1396717113286764,0.5645074626865672,0.6263020833333334,0.6124890570917338,0.6069831784574506,0.6263020833333334,0.49671284203980104,0.1325498005919614,0.5615074626865671,0.0,0.0,0.0,0.0,0.0,4.718283333333323,7.0424398733333025,7343.09752304002,8454.852757433566,8486.65982680661
logistic_regression_classifier,0.7708333333333334,0.7635416666666667,0.7654093706167142,0.7708333333333334,0.6763308457711443,0.4767756635543729,0.7235820895522387,0.75,0.7538524714171476,0.7630685485002385,0.75,0.7396119402985075,0.4746917121425392,0.7448059701492538,0.7291666666666666,0.7340514129261475,0.747162692353959,0.7291666666666666,0.7249825870646767,0.43795659376415885,0.7270746268656717,0.6106770833333334,0.5950916566251618,0.5884865520282188,0.6106770833333334,0.4744870957711443,0.09234636511184627,0.5425820895522389,0.6380208333333334,0.6226739968981054,0.617969719121035,0.6380208333333334,0.5047254353233831,0.1555418073270366,0.5713731343283582,0.6028645833333334,0.5850661979660453,0.5776730377679331,0.6028645833333334,0.45991153606965174,0.06874676209921889,0.5313880597014925,0.0,0.0,0.0,0.0,0.0,4.718283333333323,7.0424398733333025,7343.09752304002,8454.852757433566,8486.65982680661
logistic_regression_classifier,0.7708333333333334,0.7635416666666667,0.7654093706167142,0.7708333333333334,0.6763308457711443,0.4767756635543729,0.7235820895522387,0.7486979166666666,0.7516972474493674,0.7574682283774523,0.7486979166666666,0.7267946206467663,0.46425267663572434,0.7377462686567164,0.7252604166666666,0.7301612254015715,0.7429610537130289,0.7252604166666666,0.7194261504975125,0.42900550620728256,0.7223432835820895,0.640625,0.6286724577042023,0.6240282044717528,0.640625,0.5182406716417911,0.1698852663919829,0.5794328358208956,0.62890625,0.6134677664089996,0.6080947079421714,0.62890625,0.49464598880597016,0.1344065232447989,0.5617761194029851,0.6328125,0.6183982176360224,0.6132846665850331,0.6328125,0.5019337686567164,0.14587647036965415,0.5673731343283582,0.0,0.0,0.0,0.0,0.0,4.718283333333323,7.0424398733333025,7343.09752304002,8454.852757433566,8486.65982680661
logistic_regression_classifier,0.7708333333333334,0.7635416666666667,0.7654093706167142,0.7708333333333334,0.6763308457711443,0.4767756635543729,0.7235820895522387,0.7447916666666666,0.7488458568358851,0.7586891126171539,0.7447916666666666,0.7350889303482587,0.4648071830548664,0.7399402985074627,0.73828125,0.7429497929180847,0.7556777435318631,0.73828125,0.7350620335820895,0.4566516957728992,0.7366716417910448,0.6223958333333334,0.6069841584237651,0.6011583039906103,0.6223958333333334,0.48769371890547264,0.11956645106511657,0.5550447761194031,0.6223958333333334,0.6051635166509468,0.599306690554019,0.6223958333333334,0.4824996890547264,0.11506746306307523,0.5524477611940298,0.6315104166666666,0.6189860470203487,0.6138425464274607,0.6315104166666666,0.5064298818407961,0.14772857671876102,0.5689701492537313,0.0,0.0,0.0,0.0,0.0,4.718283333333323,7.0424398733333025,7343.09752304002,8454.852757433566,8486.65982680661
logistic_regression_classifier,0.7708333333333334,0.7635416666666667,0.7654093706167142,0.7708333333333334,0.6763308457711443,0.4767756635543729,0.7235820895522387,0.73046875,0.7342832000224093,0.7422384519251786,0.73046875,0.7118297574626866,0.42991469546390726,0.7211492537313433,0.7408854166666666,0.7452925428287823,0.7567034600695534,0.7408854166666666,0.7347265236318409,0.4596199493156187,0.7378059701492538,0.6223958333333334,0.604537908787242,0.5986870659722222,0.6223958333333334,0.4807683457711443,0.11355845361777211,0.5515820895522389,0.6328125,0.6183982176360224,0.6132846665850331,0.6328125,0.5019337686567164,0.14587647036965415,0.5673731343283582,0.5989583333333334,0.5832150745811877,0.5758736982355479,0.5989583333333334,0.461280472636816,0.0652146028369433,0.5301194029850747,0.0,0.0,0.0,0.0,0.0,4.718283333333323,7.0424398733333025,7343.09752304002,8454.852757433566,8486.65982680661
logistic_regression_classifier,0.7708333333333334,0.7635416666666667,0.7654093706167142,0.7708333333333334,0.6763308457711443,0.4767756635543729,0.7235820895522387,0.75,0.7537296205453758,0.7623706702654071,0.75,0.7378805970149255,0.4734850025250749,0.7439402985074627,0.7278645833333334,0.7328256674614586,0.7462804120118997,0.7278645833333334,0.7242846703980099,0.43585401050656325,0.7260746268656716,0.6067708333333334,0.5925317548292769,0.5858877434382522,0.6067708333333334,0.4741246890547264,0.08703122873008347,0.5404477611940298,0.6302083333333334,0.6151155206632735,0.609831279342723,0.6302083333333334,0.4970752487562189,0.13824060394296558,0.5636417910447761,0.6158854166666666,0.6005084906502433,0.5942552175191064,0.6158854166666666,0.4807414490049751,0.10477573917527037,0.5483134328358209,0.0,0.0,0.0,0.0,0.0,4.718283333333323,7.0424398733333025,7343.09752304002,8454.852757433566,8486.65982680661
logistic_regression_classifier,0.7708333333333334,0.7635416666666667,0.7654093706167142,0.7708333333333334,0.6763308457711443,0.4767756635543729,0.7235820895522387,0.7552083333333334,0.7589805449292903,0.7681592380070522,0.7552083333333334,0.7458662935323384,0.4858050896247203,0.7505373134328358,0.7200520833333334,0.7252611901359834,0.7394366009259322,0.7200520833333334,0.7166344838308457,0.4206220376723571,0.7183432835820895,0.6393229166666666,0.6248842437631098,0.6202142122281011,0.6393229166666666,0.5088860385572139,0.16070792246067883,0.5741044776119403,0.6276041666666666,0.611815694650569,0.6063513423710792,0.6276041666666666,0.4922167288557214,0.13056144178392406,0.559910447761194,0.6236979166666666,0.6119925863705484,0.6065543977075667,0.6236979166666666,0.5005110385572139,0.13224187998715645,0.5621044776119403,0.0,0.0,0.0,0.0,0.0,4.718283333333323,7.0424398733333025,7343.09752304002,8454.852757433566,8486.65982680661
logistic_regression_classifier,0.7708333333333334,0.7635416666666667,0.7654093706167142,0.7708333333333334,0.6763308457711443,0.4767756635543729,0.7235820895522387,0.75390625,0.7576385384469816,0.7665367280483095,0.75390625,0.7434370335820896,0.48242609295273275,0.7486716417910448,0.7369791666666666,0.741617875820736,0.7540222514180849,0.7369791666666666,0.7326327736318409,0.45323927869746905,0.7348059701492538,0.61328125,0.5965759690973164,0.5900433216727267,0.61328125,0.47415158582089556,0.09542799444864665,0.5437164179104478,0.6354166666666666,0.6193734988848859,0.6145179225536368,0.6354166666666666,0.4998669154228856,0.14790111336011472,0.5676417910447762,0.62890625,0.6097779706417542,0.6045977742137381,0.62890625,0.48425792910447757,0.12567604558515427,0.5565820895522389,0.0,0.0,0.0,0.0,0.0,4.718283333333323,7.0424398733333025,7343.09752304002,8454.852757433566,8486.65982680661
logistic_regression_classifier,0.7708333333333334,0.7635416666666667,0.7654093706167142,0.7708333333333334,0.6763308457711443,0.4767756635543729,0.7235820895522387,0.73046875,0.7344219508827781,0.7429263308519846,0.73046875,0.7135611007462686,0.4311478969047016,0.7220149253731343,0.7317708333333334,0.7366086108787808,0.7497060616365471,0.7317708333333334,0.728109763681592,0.44348358640269697,0.7299402985074627,0.6197916666666666,0.6036719679649164,0.5976375598086124,0.6197916666666666,0.4828351990049751,0.11182616762658967,0.5513134328358209,0.6328125,0.616654738162635,0.6115993381618382,0.6328125,0.49673973880597017,0.14163522329719724,0.5647761194029851,0.625,0.6091011190886848,0.6034467481835903,0.625,0.48908955223880596,0.12431635039814594,0.5570447761194031,0.0,0.0,0.0,0.0,0.0,4.718283333333323,7.0424398733333025,7343.09752304002,8454.852757433566,8486.65982680661
logistic_regression_classifier,0.7708333333333334,0.7635416666666667,0.7654093706167142,0.7708333333333334,0.6763308457711443,0.4767756635543729,0.7235820895522387,0.7630208333333334,0.7665562028086376,0.7751015660143951,0.7630208333333334,0.7535164800995026,0.5012961627321277,0.7582686567164179,0.7252604166666666,0.7301612254015715,0.7429610537130289,0.7252604166666666,0.7194261504975125,0.42900550620728256,0.7223432835820895,0.6106770833333334,0.5938593089565575,0.5871317815243835,0.6106770833333334,0.4710244092039801,0.08917255746191392,0.5408507462686567,0.6328125,0.6142026072124757,0.6093578044754219,0.6328125,0.4898143656716418,0.13593932391500083,0.5613134328358209,0.6276041666666666,0.6112172167181334,0.6057621693782408,0.6276041666666666,0.49048538557213933,0.12910344317136227,0.5590447761194031,0.0,0.0,0.0,0.0,0.0,4.718283333333323,7.0424398733333025,7343.09752304002,8454.852757433566,8486.65982680661
logistic_regression_classifier,0.7708333333333334,0.7635416666666667,0.7654093706167142,0.7708333333333334,0.6763308457711443,0.4767756635543729,0.7235820895522387,0.734375,0.7385946673189824,0.7485104878458609,0.734375,0.7225802238805971,0.4426019132995705,0.7284776119402986,0.7421875,0.7468374026893135,0.759879538766899,0.7421875,0.7406184701492537,0.46559155695684934,0.7414029850746269,0.62109375,0.6041123396987514,0.5981531357676646,0.62109375,0.4818017723880597,0.11268192532382668,0.5514477611940298,0.625,0.6078865268809402,0.6022396637810267,0.625,0.4856268656716418,0.12135458682747775,0.5553134328358209,0.62890625,0.6110453040702508,0.605765031939895,0.62890625,0.48772061567164177,0.12860161221811203,0.5583134328358209,0.0,0.0,0.0,0.0,0.0,4.718283333333323,7.0424398733333025,7343.09752304002,8454.852757433566,8486.65982680661
logistic_regression_classifier,0.7708333333333334,0.7635416666666667,0.7654093706167142,0.7708333333333334,0.6763308457711443,0.4767756635543729,0.7235820895522387,0.7565104166666666,0.7594165040053458,0.7651284989245934,0.7565104166666666,0.7361761504975125,0.4810402679309831,0.7463432835820896,0.7369791666666666,0.7417230067840471,0.7547928002017229,0.7369791666666666,0.7343641169154228,0.45453757167977316,0.7356716417910447,0.61328125,0.5983981115995335,0.5920314475347661,0.61328125,0.4793456156716418,0.10011914331949588,0.5463134328358209,0.6223958333333334,0.6039027709138439,0.5980659640016998,0.6223958333333334,0.47903700248756226,0.11204442365722196,0.5507164179104478,0.6341145833333334,0.6227332760211907,0.6177997980374741,0.6341145833333334,0.5130197450248756,0.15664989821117378,0.5735671641791045,0.0,0.0,0.0,0.0,0.0,4.718283333333323,7.0424398733333025,7343.09752304002,8454.852757433566,8486.65982680661
logistic_regression_classifier,0.7708333333333334,0.7635416666666667,0.7654093706167142,0.7708333333333334,0.6763308457711443,0.4767756635543729,0.7235820895522387,0.7252604166666666,0.7292900079046675,0.7378330281485338,0.7252604166666666,0.7073067475124377,0.4200177595997332,0.7162835820895522,0.7395833333333334,0.7442802047366803,0.7573361694843109,0.7395833333333334,0.7374912935323383,0.4600645643183112,0.7385373134328358,0.6393229166666666,0.6286110840760599,0.6239641157463869,0.6393229166666666,0.5210054415422886,0.17020838418645173,0.5801641791044776,0.6328125,0.6154472078551803,0.6104781539351852,0.6328125,0.49327705223880597,0.1387936655328326,0.5630447761194031,0.6223958333333334,0.6075726351576118,0.6017735994005761,0.6223958333333334,0.48942506218905474,0.12105743420574312,0.555910447761194,0.0,0.0,0.0,0.0,0.0,4.718283333333323,7.0424398733333025,7343.09752304002,8454.852757433566,8486.65982680661
logistic_regression_classifier,0.7708333333333334,0.7635416666666667,0.7654093706167142,0.7708333333333334,0.6763308457711443,0.4767756635543729,0.7235820895522387,0.7578125,0.7613027880315825,0.7693262255247216,0.7578125,0.7455307835820895,0.4889935055590967,0.7516716417910448,0.7330729166666666,0.7378343659114793,0.7505910676043296,0.7330729166666666,0.7288076803482587,0.4455932199466526,0.7309402985074627,0.6223958333333334,0.6069841584237651,0.6011583039906103,0.6223958333333334,0.48769371890547264,0.11956645106511657,0.5550447761194031,0.6575520833333334,0.6454074896241546,0.6417339690597362,0.6575520833333334,0.5359703047263681,0.20788205932690185,0.5967611940298507,0.6080729166666666,0.5911426488157987,0.5842202413760406,0.6080729166666666,0.46789723258706467,0.0829171204751812,0.5379850746268657,0.0,0.0,0.0,0.0,0.0,4.718283333333323,7.0424398733333025,7343.09752304002,8454.852757433566,8486.65982680661
logistic_regression_classifier,0.7708333333333334,0.7635416666666667,0.7654093706167142,0.7708333333333334,0.6763308457711443,0.4767756635543729,0.7235820895522387,0.7408854166666666,0.7450618220137147,0.7552325959254,0.7408854166666666,0.7312638370646766,0.4571027191000351,0.7360746268656716,0.734375,0.7388352492895892,0.7499720982142857,0.734375,0.7260429104477613,0.44513384106418413,0.7302089552238805,0.625,0.6102790307772145,0.6046513661966904,0.625,0.49255223880597016,0.1272621932467209,0.5587761194029851,0.6328125,0.616654738162635,0.6115993381618382,0.6328125,0.49673973880597017,0.14163522329719724,0.5647761194029851,0.6158854166666666,0.5992926292380751,0.5929548618210697,0.6158854166666666,0.477278762437811,0.10168343143537938,0.5465820895522389,0.0,0.0,0.0,0.0,0.0,4.718283333333323,7.0424398733333025,7343.09752304002,8454.852757433566,8486.65982680661
logistic_regression_classifier,0.7708333333333334,0.7635416666666667,0.7654093706167142,0.7708333333333334,0.6763308457711443,0.4767756635543729,0.7235820895522387,0.7447916666666666,0.7481988320402954,0.7552494482641542,0.7447916666666666,0.7264322139303484,0.4587731468234445,0.7356119402985075,0.7356770833333334,0.7405954492911843,0.7546986464701715,0.7356770833333334,0.7353975435323382,0.45374505273822324,0.7355373134328358,0.6106770833333334,0.5962865089561965,0.5898314867362705,0.6106770833333334,0.4779497823383085,0.09549632563880937,0.5443134328358209,0.6276041666666666,0.6112172167181334,0.6057621693782408,0.6276041666666666,0.49048538557213933,0.12910344317136227,0.5590447761194031,0.6263020833333334,0.6089396366173973,0.6034075336036645,0.6263020833333334,0.4863247823383084,0.12376043309688345,0.5563134328358209,0.0,0.0,0.0,0.0,0.0,4.718283333333323,7.0424398733333025,7343.09752304002,8454.852757433566,8486.65982680661
logistic_regression_classifier,0.7708333333333334,0.7635416666666667,0.7654093706167142,0.7708333333333334,0.6763308457711443,0.4767756635543729,0.7235820895522387,0.75390625,0.7571240274991436,0.7638473471302625,0.75390625,0.7365116604477612,0.477725371224755,0.7452089552238806,0.7291666666666666,0.734255739933871,0.7487373737373737,0.7291666666666666,0.7284452736318409,0.4406113921751437,0.7288059701492537,0.6263020833333334,0.6107552595066067,0.605196962772268,0.6263020833333334,0.4915188121890548,0.12817167123634243,0.558910447761194,0.6263020833333334,0.6070395704357313,0.6016111332265656,0.6263020833333334,0.48113075248756215,0.11931102296517282,0.5537164179104478,0.6041666666666666,0.5904220178637493,0.5837339743589743,0.6041666666666666,0.47272885572139306,0.08247603416297025,0.5384477611940298,0.0,0.0,0.0,0.0,0.0,4.718283333333323,7.0424398733333025,7343.09752304002,8454.852757433566,8486.65982680661
logistic_regression_classifier,0.7708333333333334,0.7635416666666667,0.7654093706167142,0.7708333333333334,0.6763308457711443,0.4767756635543729,0.7235820895522387,0.7473958333333334,0.7510362412802527,0.7591375839320093,0.7473958333333334,0.7330220771144278,0.4667217102637945,0.7402089552238805,0.7513020833333334,0.7556370804573005,0.7676299193539036,0.7513020833333334,0.7489665733830847,0.48303035782922593,0.7501343283582089,0.6184895833333334,0.6032169076627839,0.5971395502645502,0.6184895833333334,0.48386862562189054,0.11099042620698243,0.551179104477612,0.62890625,0.6110453040702508,0.605765031939895,0.62890625,0.48772061567164177,0.12860161221811203,0.5583134328358209,0.6223958333333334,0.6075726351576118,0.6017735994005761,0.6223958333333334,0.48942506218905474,0.12105743420574312,0.555910447761194,0.0,0.0,0.0,0.0,0.0,4.718283333333323,7.0424398733333025,7343.09752304002,8454.852757433566,8486.65982680661
